CREATE DATABASE  IF NOT EXISTS `mutualagriculture` /*!40100 DEFAULT CHARACTER SET utf8 */;
USE `mutualagriculture`;
-- MySQL dump 10.13  Distrib 5.6.13, for Win32 (x86)
--
-- Host: 127.0.0.1    Database: mutualagriculture
-- ------------------------------------------------------
-- Server version	5.6.14-log

/*!40101 SET @OLD_CHARACTER_SET_CLIENT=@@CHARACTER_SET_CLIENT */;
/*!40101 SET @OLD_CHARACTER_SET_RESULTS=@@CHARACTER_SET_RESULTS */;
/*!40101 SET @OLD_COLLATION_CONNECTION=@@COLLATION_CONNECTION */;
/*!40101 SET NAMES utf8 */;
/*!40103 SET @OLD_TIME_ZONE=@@TIME_ZONE */;
/*!40103 SET TIME_ZONE='+00:00' */;
/*!40014 SET @OLD_UNIQUE_CHECKS=@@UNIQUE_CHECKS, UNIQUE_CHECKS=0 */;
/*!40014 SET @OLD_FOREIGN_KEY_CHECKS=@@FOREIGN_KEY_CHECKS, FOREIGN_KEY_CHECKS=0 */;
/*!40101 SET @OLD_SQL_MODE=@@SQL_MODE, SQL_MODE='NO_AUTO_VALUE_ON_ZERO' */;
/*!40111 SET @OLD_SQL_NOTES=@@SQL_NOTES, SQL_NOTES=0 */;

--
-- Table structure for table `admin`
--

DROP TABLE IF EXISTS `admin`;
/*!40101 SET @saved_cs_client     = @@character_set_client */;
/*!40101 SET character_set_client = utf8 */;
CREATE TABLE `admin` (
  `aid` int(11) NOT NULL AUTO_INCREMENT,
  `aname` varchar(45) NOT NULL,
  `realname` varchar(45) NOT NULL,
  `pwd` varchar(100) NOT NULL,
  `status` int(11) DEFAULT '1',
  `centerId` int(11) NOT NULL,
  PRIMARY KEY (`aid`),
  UNIQUE KEY `aname_UNIQUE` (`aname`),
  KEY `FK_admin_center_centerId_idx` (`centerId`),
  CONSTRAINT `FK_admin_center_centerId` FOREIGN KEY (`centerId`) REFERENCES `center` (`centerId`) ON DELETE NO ACTION ON UPDATE NO ACTION
) ENGINE=InnoDB AUTO_INCREMENT=10002 DEFAULT CHARSET=utf8;
/*!40101 SET character_set_client = @saved_cs_client */;

--
-- Dumping data for table `admin`
--

LOCK TABLES `admin` WRITE;
/*!40000 ALTER TABLE `admin` DISABLE KEYS */;
INSERT INTO `admin` VALUES (10001,'admin','张三','a',1,10001);
/*!40000 ALTER TABLE `admin` ENABLE KEYS */;
UNLOCK TABLES;

--
-- Table structure for table `article`
--

DROP TABLE IF EXISTS `article`;
/*!40101 SET @saved_cs_client     = @@character_set_client */;
/*!40101 SET character_set_client = utf8 */;
CREATE TABLE `article` (
  `articleId` int(11) NOT NULL AUTO_INCREMENT,
  `classification` varchar(45) DEFAULT NULL,
  `title` varchar(45) DEFAULT NULL,
  `list` varchar(1000) DEFAULT NULL,
  `summary` varchar(500) DEFAULT NULL,
  `keyword` varchar(100) DEFAULT NULL,
  `content` text,
  `imgUrl` varchar(200) DEFAULT NULL,
  `videoUrl` varchar(200) DEFAULT NULL,
  `other` varchar(45) DEFAULT NULL,
  PRIMARY KEY (`articleId`)
) ENGINE=InnoDB AUTO_INCREMENT=10019 DEFAULT CHARSET=utf8;
/*!40101 SET character_set_client = @saved_cs_client */;

--
-- Dumping data for table `article`
--

LOCK TABLES `article` WRITE;
/*!40000 ALTER TABLE `article` DISABLE KEYS */;
INSERT INTO `article` VALUES (10001,'11','扁豆','生长##应用','扁豆（学名：Lablab purpureus、英语：hyacinth bean、Indian bean、calavance、Egyptian bean、seim）','鹊豆##蛾眉豆##肉豆##稨豆##白豆##眉豆','<p>扁豆是一种攀缘植物，会产生紫色的花与豆荚，适合在围篱与藤架上种植，其生长迅速，且可产生鲜艳花朵吸引蝴蝶与蜂鸟，还可产生可食用的叶、花、豆荚、种子与根。其干燥的种子因含有高浓度的氰化葡萄糖苷而有毒，需经一段时间的烘烤后才能食用。</p>##<p>扁豆常被种来当作饲料或观赏植物。并同时是药用植物和有毒植物。</p><p>在印度马哈拉施特拉邦，一种以扁豆为原料的咖喱，这种咖喱通常在Shraavana节的素食斋戒时被使用。在卡纳塔克邦扁豆有多种食用方式，包括做成咖喱、沙拉，加在传统餐点上或作为另一项传统餐点的香料。有时其外种皮会被剥除，而使用中间柔软的部分入菜，这种食用形式特称为“hitakubele avarekalu”。在泰伦加纳地区，庞格尔节时扁豆的豆荚被切成小块，作成一种特殊的辛辣咖喱，搭配一种由御谷做成的面包一起食用。这个特殊的佳肴已存在数个世纪。</p><p>在越南顺化市，扁豆是传统料理的主要原料。</p><p>肯亚的基库尤人也善于食用扁豆，他们认为扁豆可促进分泌乳汁，并长久以来做为哺乳中的母亲的主食。扁豆被煮熟并捣碎后混合了熟透或半熟的香蕉以增加甜味。</p><p>在澳洲，一种称为“Koala”的变种被研发成功，此变种生长迅速，适合作为粮食或饲料。其生产者声称这种白色的谷物可以当成“南半球的黄豆”出口至亚洲。扁豆每公顷可产超过2吨，在副热带地区的每公顷产量比绿豆多两成。</p>','biandou.jpg',NULL,NULL),(10002,'11','菜豆','历史##毒性','四季豆包括云藊豆、白肾豆、架豆、芸豆、刀豆、玉豆、去豆等，一年生豆科植物，是餐桌上的常见蔬菜之一。','四季豆##云藊豆##白肾豆##架豆##芸豆##刀豆##玉豆##去豆','<p>中南美原产。一般认为16世纪末经由欧洲传到中国，17世纪传到了日本。</p>##<p>四季豆的多个品种均含植物血凝素，当中以红芸豆的含量最高，白芸豆的植物血凝素只有红芸豆的三分之一，而扁豆的植物血凝素含量则只有红芸豆的5%到10%。所以在煮食四季豆时，要在100度的沸水中煮至少10分钟，以去除豆内的植物血凝素，然后才可继续烹煮。至于干豆，根据美国食物及药品管理局（FDA）的建议，在食用前应把干豆浸在水里至少五小时，然后把浸过豆的水倒走。假若四季豆没有在沸水里煮过，植物血凝素的毒性不单不能消除，还可能会增加。FDA指四季豆在摄氏80度的水里煮，植物血凝素会增加至未煮前的五倍。</p>','caidou.jpg',NULL,NULL),(10003,'11','蚕豆','形态##名称##由来##用途','蚕豆是一年生或越年生豆科草本植物，又名胡豆、佛豆、川豆、倭豆、罗汉豆，原产亚洲西南部和非洲北部。相传西汉张骞出使西域时期传入中国，8世纪左右从中国传入日本。','胡豆##佛豆##川豆##倭豆##罗汉豆','<p>一年生或二年生草本；茎方形中空有棱；羽状复叶；花一至数朵腋生，白色或淡紫色花冠带有紫斑。</p><p>株高30～180厘米。子叶不出土；主根系发达；茎四棱、中空，四角上的维管束较大，有利于直立生长。羽状复叶，顶端小叶退化呈刺状，无卷须。总状花序，每花梗一般着花2～6朵，淡紫红色、紫白色或白色的蝶形花，自下而上开花。每荚2～8粒种子，荚果肥厚，外被细茸毛，果壁内层有海绵状茸毛；椭圆扁平的种子；乳白、资、褐或青色种皮；有大、中、小粒三个变种。</p>##<p>元代农学家王祯在《农书》中说：“蚕时始熟，故名”；而明代医学家李时珍在《食物本草》中认为：“豆荚状如老蚕，故名”。</p>##<p>可以作为粮食、蔬菜、药材、饲料、绿肥使用。但患有G6PD缺乏症（蚕豆症）者不可接触、食用。</p><p>干燥后的蚕豆可以作为粮食使用</p><p>新鲜的蚕豆可以作为蔬菜，有煮、炒、做汤等多种做法</p><p>入药，中医认为蚕豆性平味甘，具有益胃、利湿消肿、止血解毒的功效</p><p>饲料</p><p>绿肥</p><p>古希腊及罗马认为蚕豆与冥界有关，认为不祥而不爱食用，并将蚕豆用于葬礼仪式。古希腊著名数学家、哲学家毕达哥拉斯还认为蚕豆里有亡者的灵魂。</p>','candou.jpg',NULL,NULL),(10004,'11','大豆','用途##历史##形态及物理特性##固氮能力##基因改造大豆','大豆是一种其种子含有丰富的蛋白质的豆科植物，一般都指其种子而言。大豆是东亚的原生种植物，果实呈椭圆形、球形。种皮颜色有黄色、淡绿色、黑色，别名为黄豆、青豆（不是指豌豆）、黑豆，以黄豆最常见。毛豆即为尚未成熟的食用大豆（大豆在荚果种仁生长至八分熟时采收的鲜豆荚）','黄豆##青豆##黑豆','<p>大豆最常用来做各种豆制品、压豆油、炼酱油和提炼蛋白质。</p><p>豆渣或磨成粗粉的大豆也常用于禽畜饲料。</p><p>在中国，日本和朝鲜，不同软硬的豆腐已有数千年历史。大豆加工之后，也可以成为酱油、味噌、纳豆或腐乳等。</p><p>欧美现代也开始吃豆腐，但是一般用来代替奶制品。黄豆富含优质蛋白质，足以媲美肉类，且黄豆和同重量的肉类相比，所含的蛋白质比肉类高出两倍。</p>##<p>大豆原产于中国，古称“菽”，约有5000年的人工栽培史，新石器时代遗址中就有大豆的残留物。</p><p>《礼记·檀弓》中说到：“孔子曰：啜菽饮水，尽其欢，斯之谓孝”。</p><p>《诗经》有“中原有菽，庶民采之”的记载。</p><p>《墨子》有：“耕家树艺，聚菽粟。是以菽粟多，而民足乎食”。</p><p>大豆一词最早见于《神农书》的《八谷生长篇》载：“大豆生于槐。出于泪石云山谷中，九十日华，六十日熟，凡一百五十日成。”。</p>##<p>大豆为一年生草本，茎直立或半蔓生；复叶，小叶3片；短总状花序腋生或顶生；白色或紫色蝶状花；荚果，椭圆形至近球形的种子。大豆的高度约从20公分到二米不等。</p><p>大豆的豆荚、茎和叶上面有棕色或灰色的细毛。其每片叶子有三到四片小叶，约6至15公分长，2至7公分宽。大豆的叶子在果实成熟前就掉落。大豆的花不太起眼，是自花能孕的花，长在叶子的轴向，有白色、粉红色及紫色。</p><p>大豆的果实是有毛的荚果，一般会有三至五个荚果长在一起，长约3至8公分，其中多半会有2至4个种子，直径约5至11毫米。</p><p>大豆拥有不同的形状大小、及若干外壳或种皮颜色，包括黑、棕、蓝、黄、或杂色。成熟大豆的外壳非常坚硬并且防水、可以保护子叶和胚轴（或胚）免于被破坏。如果种皮破坏，种子就不能发芽。在种皮上可以看得见的瘢痕被称为种脐（颜色包括黑色、褐色、黄色、灰色和黄色）。种脐的一端是珠孔（或者是种皮里的小孔），他们可以吸收水分。</p><p>大豆的种子含有高蛋白质，即使脱水也可以生存，并且在吸水后可以继续存活。二十年前A. Carl Leopold在康奈尔大学的Boyce Thompson植物研究所开始研究这个问题。通过对大豆和玉米存活试验，发现大豆和玉米分别有一系列的可溶性碳水化合物保护种子的细胞[15]。90年代初被授予关于保护生物膜和蛋白质干燥状态技术的专利权。</p>##<p>包括大豆在内的许多豆类植物在其根部的根瘤都有共生的根瘤菌，根瘤菌可以进行固氮作用，将空气中的氮气N2转变为氨NH3。其化学反应是： \"N2 + 8 H+ + 8 e? → 2 NH3 + H2\" 而氨溶于水转变为铵离子NH4+：</p><p>豆类植物的根瘤是其氮的来源，因此豆类有较多的植物性蛋白质。</p>##<p>许多大豆有经过基因改造的处理，而且基因改造的大豆制品产量日益增加。1995年孟山都提出了基因改造的大豆，在基因改造后可以抗孟山都出产的除草剂草甘膦，其基因是来自土壤杆菌属（strain CP4）的基因EPSP合成酶，因此可以抗除草剂。</p><p>在1997年时，美国巿场的大豆约有8%为基因改造大豆，在2010年时已上升到93%。科学家对基因改造大豆的忧虑是其对生物多样性的破坏。2003年的报告指出[20]RR基因已经出现在许多不同的豆类作物，在生物多様性上有少许的减少，不过“生物多様性被限制在来自一些公司的特性精英品种中”。</p><p>美国大量种植基因改造大豆，已造成销往特定国家时的问题。若要合法的出口基因改造作物到欧洲，需要额外的检验，而相当多的供应商或消费者不赞成将基因改造产品作为人类或是动物的粮食。由于非基改大豆中仍有少数可能受到基改大豆的污染，因为这类的产品被退，厂商需提供纯正的非基改大豆。而欧盟对于基改食品是否有害也仍有不同的说法，欧盟开始改让各国自由决定 。</p><p>台湾一度曾传言可以用黄豆种脐的颜色识别是否为基改大豆，但花莲区农业改良场否认此说法，并说明种脐的颜色是品种的特性，和是否为基改大豆无关。</p>','dadou.jpg',NULL,NULL),(10005,'11','豇豆','形态##分布##亚种','豇豆又称豆角、红豆（不是赤豆）、缸豆，属豆科植物。台湾闽南语俗称菜豆仔。豇豆是最重要的食品豆科作物之一。覆盖亚洲，非洲，欧洲南部，中美洲和南美洲等半干旱热带地区','豆角##红豆##缸豆','<p>一年生草本；其叶腋或顶部抽出花梗，先端着生单花2～5对，多数仅能结两荚，左右对生；黄色或紫色花，长条形荚，绿色、青灰或紫色等。</p>##<p>原产于非洲。现主要在旧大陆温暖的地方栽培。</p>##<p>豇豆有四个亚种，分别是：</p><p>短豇豆（眉豆）</p><p>非洲豇豆</p><p>长豇豆（豆角）</p><p>黑眼豆</p>','jiangdou.png',NULL,NULL),(10006,'11','落花生','形态##历史##用途##花生过敏症','落花生是双子叶植物纲豆科的一种植物。又称花生、落生、地豆、豆仁、落地松、长生果、果子。客家话以及粤西地区称为番豆。台湾称为涂豆，常俗写作“土豆”（中国大陆也有“土豆”一词，但是多数情况指的是马铃薯），中国早年以及日本称其长生果，俗称唐人豆或南京豆，欧洲一些国家称它为中国坚果。','花生##落生##地豆##豆仁##落地松##长生果##果子','<p>一年生草本，匍匐或直立茎；羽状复叶；腋生总状花序，黄色蝶形花，受粉后子房迅速伸长，钻入土中，子房在黑暗中发育成荚果；种子(花生仁)呈椭圆、圆锥等形状，种皮有淡红色、红色、黄色、紫色、黑色等。</p>##<p>花生是豆科落花生属的1种，俗称花生和黄花生。该属约20余种。一般认为，花生原产秘鲁和巴西，在秘鲁沿海地带史前废墟中发现大量古代花生，可追溯到至少7600年前。在哥伦布远航时期，航海家将花生荚果带至西班牙，在1535年出版的《西印度通史》中记载花生的西班牙文为“玛尼”，之后逐渐被传播到世界各地。</p><p>中国古时可能有与花生类似的植物，然而现今广泛种植者，则为南美引进无疑。1958年的浙江吴兴钱山洋原始社会遗址中，发掘出炭化花生种子，测定灶坑年代距今4700±100年。1961年，江西修水县山背地区原始社会遗址中再次发掘出炭化花生种子。此外广西、云南、江西等地也曾报告过于花生形态极为相似的野生植物。2007年经西安文保中心专家确认，距今2100年前的汉阳陵从葬坑出土的农作物里，已经出现了花生。中国唐朝段成式《酉阳杂俎》中记载“形如香芋，蔓生”、“花开亦落地结子如香芋，亦名花生”。元朝人贾铭的《饮食须知》载有“落花生，味甘，微苦、性平，形如香芋，小儿多吃，滞气难消” ，“近出一种落花生，诡名长生果，味辛、苦、甘，性冷，形似豆荚，子如莲肉，同生黄瓜及鸭蛋食，往往杀人，多食令精寒阳萎” 。明朝人兰茂的《滇南本草》亦有花生的记载。</p><p>到明末清初，中国沿海地区花生种植较为普遍，多次从南美洲引种花生品种，最近一次为1887年，《慈黔县志》记载：“落花生，按县境种最广，近有一种自东洋至，粒较大，尤坚脆”，直到乾隆末年花生仍然是筵席珍贵之物，寻常人很难吃到。</p><p>欧洲曾从中国引种花生，因此欧洲部分地区仍称之为“中国坚果”。刚果布朗氏在1818年的《刚果植物志》中称“花生是由中国传入印度、锡兰及马来群岛，尔后传入非洲的。</p>##<p>花生的种子含丰富的脂肪（约50%）和蛋白质（24-36%）蛋白质中含有人体所必需的几种氨基酸，故营养价值甚高，可直接作为食物，或提取食用花生油。榨油后的麸饼，为良好的家畜饲料及农作物的优质肥料。此外花生根部有丰富的根瘤，能固定空气中的游离氮素。花生红皮含有纤维质、蛋白质、脂肪及多酚类等营养物质，有补血、改善贫血症状的功效。</p>##<p>花生会引起极其罕见的过敏症。花生过敏的症状包括：血压降低、面部和喉咙肿胀，这些都会阻碍呼吸，从而导致休克。据英国研究人员统计，在英国，每200个人当中有大约一人对花生敏感。虽然部分人只是对花生有轻度过敏反应，但是，花生也会令一些人出现过敏性休克。在英国，每年大约有10个人因为对花生的过敏反应死亡。在2005年，英国研究人员宣布，他们已经发现了花生是如何在部分人群体内引起过敏反应的机制。</p>','luohuasheng.jpg',NULL,NULL),(10007,'11','绿豆','形态##分布##种植##用途##绿豆芽##淀粉类制品','绿豆是一种豆科、蝶形花亚科豇豆属植物。','绿豆','<p>一年生草本；植物高度20-150厘米。茎截面圆形，幼茎紫色或绿色，成熟茎灰黄或褐色。主根不发达，侧根多而细长，根上有根瘤。叶卵圆或阔卵圆形，子叶出土后枯死，两片单叶上生三出复叶，叶片长6-12厘米，宽5-10厘米。茎分支多，根据形态可分为直立丛生型、半蔓生型、蔓生型。总状花序，花黄色，生于叶腋和顶端，每花梗上有10-25朵花，自花授粉。果实为细长圆筒形或扁圆筒形的荚果，一般每株30-50个。荚果长5-10厘米，宽0.4-0.6厘米，内有12-14粒隔膜隔开的种子，种子有绿、黄、褐、蓝等颜色，可呈圆柱形或球形。</p>##<p>原产印度、缅甸地区。现在东亚各国普遍种植，非洲、欧洲、美国也有少量种植，中国、缅甸等国是主要的绿豆出口国。</p>##<p>绿豆属于喜热，短日照作物；可以在春（4月下旬至5月上中旬）、夏（6月中、下旬）播种。生长周期约为70至110天。优良品种的每亩产量约为150千克（330英磅）左右。[3]因为绿豆耐荫性，同时绿豆根部的根瘤菌具有固氮作用，因此绿豆在实际种植过程中常常可以和其他作物套种，如玉米、谷物、芝麻等。绿豆在种植过程中主要虫害为绿豆象、蚜虫、粘虫和草地螟等。主要病害有锈病、叶斑病、霜霉病等。</p>##<p>种子称绿豆，去皮则称绿豆仁，一般晒干以便于保存。种子和茎被广泛食用。干绿豆呈绿黄色或暗绿色，坚硬有光泽。含有类黄酮、单宁、皂苷、生物碱、植物甾醇、香豆素、强心苷等物质。</p><p>虽然很少看见医师将绿豆开成药方，但其确实有相当好的疗效。除了绿豆粒以外，包含绿豆皮、绿豆荚、绿豆花及绿豆芽皆具有食疗的作用。</p><p>直接食用，中医认为绿豆味甘性凉，有清热去火的功效，带皮的绿豆煮的汤（绿豆沙、绿豆汤）或和大米煮成的粥（绿豆粥）是亚洲地区传统的夏季解暑食品，绿豆中所含无机盐和矿物质可以补充人体因大量出汗所缺乏的相应物质[7]。绿豆皮也被用来作中药成分，《本草纲目》记载“绿豆：甘、寒、无毒。绿豆粉： 甘、凉、平、无毒。豆皮：甘、寒、无毒 ，能解热毒。豆芽：甘、平、无”，解酒解热毒。绿豆荚可治长期血痢。现代研究发现，由于绿豆所含植物甾醇可以替代胆固醇使之不被人体吸收、因此绿豆也有降低胆固醇的功效。在印度，绿豆去皮（绿豆仁，状似巨人版的小米）后被用来加到咖喱等菜肴中。</p>##<p>种子加水萌发成的豆芽是东亚、南亚烹调中常见的蔬菜。绿豆芽含有丰富的维生素C，与绿豆相比，绿豆芽中的蛋白质分解成了人体更易吸收的氨基酸。[10]中国菜里的豆芽在未作说明的情况下都是指绿豆芽。</p>##<p>研磨成粉使用，例如绿豆粉加糖等做成甜食绿豆糕。还可以提炼淀粉（直链淀粉）制作绿豆粉丝（冬粉）、凉皮、凉粉等。各品种的绿豆，其淀粉、蛋白质等含量多有差异，请详查物种数据库比对。</p>','lvdou.jpg',NULL,NULL),(10008,'11','豌豆','特征##种植##用途','豌豆是豆科豌豆属一年生或二年生攀缘草本植物。圆身的又称蜜糖豆或蜜豆，扁身的称为青豆或荷兰豆，还有麦豆、小寒豆、淮豆、麻豆、青小豆、留豆、金豆、回回豆、麦豌豆、毕豆、麻累、国豆等多种名字。可食用。豌豆的豆荚在许多地区中可以作为蔬菜烹制。','蜜糖豆##蜜豆##青豆##荷兰豆##麦豆##小寒豆##淮豆##麻豆##青小豆##留豆##金豆##回回豆##麦豌豆##毕豆##麻累##国豆','<p>一年或两年生缠绕草本，高90—180厘米，全体无毛。偶数羽状复叶，顶端卷须，托叶呈卵形。花白色或紫红色、单生或1—3朵排列成总状腋生，花柱内侧有须毛，闭花授粉，花瓣蝴蝶形。荚果长椭圆形或扁形，根据内部有无内层革质膜及其厚度分为软荚及硬荚。种子可呈圆形圆柱形、椭圆、扁圆、凹圆形，每荚2—10颗，多为青绿色，也有黄白、红、玫瑰、褐、黑等颜色的品种。可根据表皮分为皱皮及圆粒，干后变为黄色。根上生长着大量侧根，主根、侧根均有根瘤。因其性状多样且为闭花授粉，孟德尔将其作为遗传因子实验的作物。</p>##<p>豌豆起源于地中海及西亚一带，现在则遍布世界各地。能够在贫瘠土地中生长，喜欢凉湿气候，春播在2月中旬左右，秋播在10月中旬为宜。可与玉米、桑树、果树、烟草等多种作物套种，但不宜连续在同一地点栽培。播种前需要用冷水浸泡种子，施加氮肥有利于茎叶生长，促进豌豆苗繁茂，结荚时尤其需要浇水。当植株高度达到30厘米左右即可搭架供其攀爬。花期时容易发生霜霉病、角斑病、豌豆花叶病。虫害有蚜虫、潜叶蝇、豌豆象等。收获时一般分批多次采摘。食豆品种的产量可达每公顷3.2吨干豆，食荚品种可达每公顷16吨鲜荚，专用食苗品种可多次收获，累计产量可达每公顷12.8吨嫩梢</p>##<p>豌豆是一种常见的豆类食品，其种子味道鲜甜，可单独烹制也可与其他食材搭配烹饪，还可做成罐头食用。浸泡捣烂后种子作为豌豆泥可用来制豌豆糕、豌豆。油炸后的豌豆种可作为休闲食品，干后的种子也可制作淀粉。当豆荚不含内层革质膜时则为软荚豌豆，其豆荚可食用，豆荚口感鲜甜爽脆，也有专门培育用来食用豆荚的食荚豌豆品种。豌豆幼苗也可采摘食用，称为“豌豆尖”，因其蔓延的形状，它在有些地方被称作“龙须菜”。[10]茎叶也可用作牲畜饲料。由于花朵美丽，也可被种植来作观赏。</p>','wandou.jpg',NULL,NULL),(10009,'12','胡萝卜','名字由来##形态##栽培##营养##文化##不同名称的使用','胡萝卜又称红萝卜、番萝卜、丁香萝卜、胡芦菔金、赤珊瑚、黄根、甘笋、金笋、红菜头（台语、闽南语、潮汕话、客家语）等，是伞形科胡萝卜属二年生植物，以呈肉质的根作蔬菜食用。','红萝卜##番萝卜##丁香萝卜##胡芦菔金##赤珊瑚##黄根##甘笋##金笋##红菜头','<p>胡萝卜原产于亚洲的西南部，阿富汗为最早演化中心，栽培历史在两千年以上。公元10世纪从伊朗引入欧洲大陆，15世纪见于英国，发展成欧洲生态型，尤以地中海沿岸种植最多。16世纪传入美国。</p><p>约在13世纪，胡萝卜从伊朗引入中国，发展成中国生态型，根据李时珍《本草纲目》的记载，因为从胡地传来，味道像萝卜，故名“胡萝卜”。中国的胡萝卜以山东、河南、浙江、云南等省份种植最多。胡萝卜于16世纪从中国传入日本，当时汉字名为“人参”。</p>##<p>胡萝卜为两年生草本植物，有9对染色体，属半耐寒性长日照植物，喜冷凉气候。三回羽状全裂叶，丛生于单生的短缩茎上。顶端各着生一复伞形花序，有糙硬毛，花朵为白色或淡红色，花期5至7月。异花传粉。双悬果，果实圆卵形。肉质根有长筒、短筒、长圆锥及短圆锥等不同形状，黄、橙、橙红、紫等不同颜色。</p>##<p>胡萝卜一般在秋季播种冬季收获，不过也可以进行反季节栽培，也就是春天播种夏天收获。主要是看所在地域，因地制宜。胡萝卜肉质根在摄氏温标18至23 °C（64至73 °F）时发育良好，发芽温度为摄氏温标20至25 °C（68至77 °F）。由于胡萝卜根系发达，保持土质疏松对于胡萝卜的生长有利，适宜种植在沙质土壤之中。栽培的前期不能过量施水，以防地面部分生长过度。后期则要保证供水充足以使肉质根能够充分发育[1]。优秀的胡萝卜栽培种在合适条件下，最高亩产可达6000公斤（每公顷90吨）其常见病虫害包括黑斑病、黑腐病、根结线虫病、软腐病、胡萝卜花叶病等。</p>##<p>胡萝卜营养丰富。一般食用其肉质根，胡萝卜叶有时也被拿来食用。胡萝卜种子内含有挥发性油。胡萝卜根可以直接生食，也可加工成块、丁、丝同其他食材一同烹饪。胡萝卜汁也是一种常见的胡萝卜加工制成品，胡萝卜汁或胡萝卜泥也可和面粉或米粉等淀粉类物质混合做成糕饼类食物。还可腌制、酱渍、制干或作饲料。其风味主要来自于萜烯类物质，该物质味道较为独特，并非所有人都能接受。胡萝卜的营养成分中，最重要的就是因其得名的胡萝卜素，胡萝卜根内含有α、β(此胡萝卜素大多藏在外皮)、γ、ε-胡萝卜素和番茄烃、六氢番茄烃等类胡萝卜素，胡萝卜素有治疗夜盲症、保护呼吸道和促进儿童生长等功能。此外还含较多的维生素及钙、磷、铁等矿物质。糖类物质则包括淀粉、纤维素等。　</p>##<p>有些时候，胡萝卜被视作是赏赐的代名词。如政治用语胡萝卜加大棒，意思为赏赐与威逼共同使用，以使对手同意自己的要求。在流行文化中（原来在西方最普遍），胡萝卜被视为兔子最喜欢的食物，这一组合如同老鼠与奶酪一样，经常用在寓言、笑话甚至管理学中。</p>##<p>在香港不同种的红萝卜会分别命名为红萝卜或甘笋。红萝卜个子比较大，纤维较粗，生食时口感差，适合用来煲汤；反之甘笋个子较小，纤维比较幼细，可供生食，如做沙律，但却不宜煲汤。</p>','huluobo.jpg',NULL,NULL),(10010,'13','荞麦','种植##食用##种皮##酿酒##冰淇淋','荞麦（学名：Fagopyrum esculentum），亦作普通荞麦以跟其他同属物种区别，是蓼科荞麦属的植物，也有人将其分入蓼属，它是一种双子叶植物。普通荞麦和同属的苦荞麦、金荞麦都可以作为粮食，虽然在中文名称有个麦字，但荞麦和其他粮食作物不同的是，它不属于禾本科。荞麦是从野生荞麦演化出来的，但野生荞麦是一种藤本植物，而栽种的荞麦亚种的茎却是直立的。','荞麦','<p>荞麦最早于公元前6000年就在西亚被人们种植，逐渐分布到欧洲和亚洲，据记载大约在公元前4000年已经出现在巴尔干半岛，公元前2600年出现在中国，现在种植海拔最高的地区是云南和西藏一带。</p><p>荞麦生长期短，可以在贫瘠的酸性土壤中生长，不需要过多的养分和氮素，但需要有充足的水分，下种晚，在比较凉爽的气候下开花。所以可以在受水灾以后作为补种，也可以作为绿肥、饲料或防止水土流失的覆盖植物。</p><p>普通荞麦占全世界种植荞麦的90%以上，主要种植荞麦的国家有俄罗斯、中国、日本、波兰、加拿大、巴西、南非和澳大利亚，美国种植荞麦在近些年已经锐减，1918年有4000平方千米，到1964年仅剩下200平方千米。</p>##<p>荞麦面粉比小麦面粉的颜色较深，法国人用于做黑面包；日本人做荞麦面，朝鲜人做一种凉糕，波兰人直接用未磨的去皮种子做粥，此外欧洲人还用来做粥或做淀粉使汤增稠。荞麦面中含有芦丁，可以缓解心血管疾病，由于其含糖蛋白量很少，可以被对糖蛋白不能吸收的人食用。但荞麦也是过敏原之一，有些人食用之后会发生过敏反应。</p><p>发酵的荞麦面俄罗斯人做烙馅饼，法国人做小薄饼，有一种类似蘑菇的味道。</p><p>在四川、清涧、贵州等地高寒山区居住的彝族居民将荞麦当作主食之一。彝族居民将荞麦区分为“甜荞”和“苦荞”两类，“甜荞”大致相当于大陆内地和日本等地普遍种稙的各类品种，而“苦荞”则是适应当地高寒气候的特殊品种。虽然“苦荞”有一定的苦味，但彝族人民向来非常喜爱。在彝语北部方言地区，一般婚礼上都会准备荞饼，当地汉族人称之为“荞粑粑”。据说必备荞饼的原因是当地彝语方言里“荞麦”和“思念”谐音（当地彝语称“荞麦”，而“思念”的发音则为）。</p><p>荞麦还是一种蜜源植物。但荞麦的茎叶有毒，食用会造成荞麦中毒症，皮肤会对阳光过敏，尤其是浅颜色的牲畜和皮肤颜色浅的人反应更强烈，但其嫩芽无毒且营养丰富，有人[谁？]专爱食用它们的嫩芽。</p>##<p>荞麦种皮可以用于填充枕头和坐垫，荞麦皮比较坚固，不传热和反射热。尤其对那些对羽毛过敏的人，荞麦皮枕头比羽绒枕头要好，所以荞麦皮也作为一种商品买卖。现在正在研究荞麦皮枕头对人类健康的益处。</p>##<p>近些年来用荞麦取代其他粮食来酿造啤酒，可以降低啤酒中的含糖蛋白量，生产“无糖蛋白啤酒”，适合对糖蛋白敏感的，患乳糜泻的人饮用。</p>##<p>近年来有一些手工冰淇淋店，模仿一般冰淇淋的口感，使用荞麦制作出不含乳制品的荞麦冰淇淋，零胆固醇，热量较低，全素可食，属一种独特的冰品。</p>','qiaomai.jpg',NULL,NULL),(10011,'13','高粱','简介','高粱又名二色高粱、蜀黍，禾本科，一年生高大草本植物，喜温、抗旱、耐涝，种子有红、白、褐各种颜色，有粘性变种。按用途分有食用、帚用、糖用和草用几类。幼苗期类似玉米，但其新鲜茎、叶含有氰化类剧毒，要用作饲料必先经过贮藏阴干。','二色高粱##蜀黍','<p>高粱（学名：Sorghum bicolor）又名二色高粱、蜀黍[1]，禾本科，一年生高大草本植物，喜温、抗旱、耐涝，种子有红、白、褐各种颜色，有粘性变种。按用途分有食用、帚用、糖用和草用几类。幼苗期类似玉米，但其新鲜茎、叶含有氰化类剧毒，要用作饲料必先经过贮藏阴干。</p><p>原产于非洲，用世界不同地区的高粱品种间的基因遗传距离大致推算，高粱从印度传入中国的时间约在950年前的辽宋西夏时期[2]。</p><p>在中国东北高粱的种植相当普遍，由于其茎高大可以藏人，高梁地又俗称为“青纱帐”。高粱其他主要产区有美国、非洲和南亚，可以用作饲料。在世界粮食作物种植面积中占第五位（前四位依次为玉米、小麦、稻、大麦）。</p><p>高粱淀粉含量高，酿酒没有其他干扰味道，适合酿造中国白酒，中国白酒中质量最高的品牌几乎都是主要用高粱酿造的。</p><p>高粱曾经在晋语区是主要的粮食作物，人们将高粱米蒸煮成米饭食用，也将成熟的高粱种子磨制成面粉（红面）用以加工面条食品。近年来多用于酿造。</p>','gaoliang.jpg',NULL,NULL),(10012,'13','小麦 ','历史##形态##分布与生长##用途##营养价值##健康考虑##经济价值','小麦是小麦属（Triticum）植物的统称，是一种在世界各地广泛种植的禾本科植物，最早起源于中东的新月沃土（Levant）地区。小麦是三大谷物之一，产量几乎全作为食用，仅约有六分之一作为饲料使用。2013年，小麦是世界上总产量第三的粮食作物（7.13亿吨），仅次于玉米（8.44亿吨）和水稻（7.45亿吨)。','小麦','<p>小麦可能是起源于西亚、北非的新月沃土。在伊拉克北部就曾发现了世界最古老的小麦，有八千年历史。自五千年前起小麦就已经在印度、英国、西班牙等地栽培。</p><p>大约距今五千年左右小麦进入中国。在此之前，中国南方和北方已经分别形成了以种稻饭稻、和种粟饭粟的农耕饮食文化。小麦自出现在中国西北新疆等地之后，在中国经历了一个由西向东，由北而南的扩张过程。秦汉之际石磨已被民间广泛运用，研磨面粉的技术逐渐成熟，遂发展出面条与馒头等美味的面食，到唐宋以后小麦才大致成为华北居民的主食之一[3]</p><p>唐朝《本草拾遗》中就肯定了小麦的价值：“小麦面，补虚，实人肤体，厚肠胃，强气力。”味甘，性凉。能养心益脾，和五脏，调经络，除烦止渴，利小便。</p>##<p>小麦属一年生或越年生草本；秆中空或基部有髓，有分蘖；茎具4～7节，有效分蘖多少与土肥环境相关。叶片长线形；穗状花序直立，穗轴延续而不折断；小穗单生，含3～5（～9）花，上部花不育；颖革质，卵圆形至长圆形，具5～9脉；背部具脊；外稃船形，基部不具基盘，其形状、色泽、毛茸和芒的长短随品种而异。颖果大，长圆形，顶端有毛，腹面具深纵沟，不与稃片粘合而易脱落。</p>##<p>小麦是一种温带长日照植物，适应范围较广，自北纬18°～50°，从平原到海拔4000米的高度（如中国西藏）均有栽培。按照小麦穗状花序的疏密程度，小穗的结构，颖片、外稃和芒以及谷粒的性状、颜色、毛绒等，种下划分为极多亚种、变种、变型和品种；根据对温度的要求不同，分冬小麦和春小麦两个生理型，不同地区种植不同类型。在中国黑龙江、内蒙古和西北种植春小麦，于春天3～4月播种，7～8月成熟，生育期短，约100天左右；在辽东、华北、新疆南部、陕西、长江流域各省一带栽种冬小麦，秋季8～12月播种，翌年5～7月成熟，生育期长达300天左右。</p>##<p>小麦的颖果是人类的主食之一，磨成面粉后可制作面包、馒头、饼干、蛋糕、面条、油条、油饼、火烧、烧饼、煎饼、水饺、煎饺、包子、馄饨、蛋卷、方便面、年糕、意式面食、古斯米、乌冬面、意大利面等食物；发酵后可制成啤酒、酒精、伏特加，或生质燃料。</p><p>小麦也可作为家畜的饲料，麦草也可作为饲料或铺设屋顶的材料；秆可作为编织和造纸等原料。</p>##<p>小麦富含淀粉、蛋白质、脂肪、矿物质、钙、铁、硫胺素、核黄素、烟酸及维他命A等。因品种和环境条件不同，营养成分的差别较大。从蛋白质的含量看，生长在大陆性干旱气候区的麦粒质硬而透明，含蛋白质较高，达14～20％，麸质强而有弹性，适宜烤面包；生于潮湿条件下的麦粒含蛋白质8～10％，麦粒软，麸质差，可见地理气候对产物形成过程的影响是十分重要的。</p>##<p>在欧洲，南美，澳大利亚和美国的调查研究表明被调查地区大约有0.5–1%的人口患有未被察觉的乳糜泻。[10]在美国估计有乳糜泻的人占总人口的0.5–1%。[11][12][13]具有非洲人，日本人和中国人的血统的人中很少发现患有乳糜泻的。[14]乳糜泻在女性中比在男性中更流行。</p><p>乳糜泻是免疫系统对麸朊产生不良反应所造成的疾病。麸朊是一种在小麦（和小麦族中其它类似的谷物，比如大麦和黑麦）中发现的麸质蛋白质。对待乳糜泻仅有的有效方法就是终生实行无麸质饮食。</p>##<p>无庸置疑地小麦的主要价值在于它可磨成面粉，成为人类的主要食粮。尤其是在欧美和其他温带地区，小麦是人们必需的食粮。小麦的世界产量和种植面积，居于栽培谷物的首位，以普通小麦（学名: Triticum aestivum）种植最广，占全世界小麦总面积的90％以上；硬粒小麦的播种面积约为总面积的6～7％。</p><p>面粉除供人类食用外，仅少量用来生产淀粉、酒精、面筋等，加工后副产品均为牲畜的优质饲料。</p><p>至2012年，世界十五大小麦生产国中，以中国占最多，其次是印度、美国和法国。</p>','xiaomai.jpg',NULL,NULL),(10013,'13','玉米','名称##形态##分布##历史##用途##特点','玉米（学名：Zea mays）是一年生禾本科草本植物，是全世界总产量最高的重要粮食作物。同时也可以当作饲料使用，还有在生物科技产业作为乙醇燃料的原材料。而且玉米更在各个化工领域被大量利用着，做成塑胶等等不同的物品。','粟米##番麦##油田苞##玉茭子##玉稻黍##珍珠米##御麦##六谷##包粟##棒子##苞谷','<p>粤语称为粟米，闽南语称作番麦，闽东语平话称为油甜苞，晋语称玉茭子、玉稻黍等，吴语中称呼比较复杂，上海称珍珠米、苏州称御麦、浙江称六谷，在客家话中以及马来西亚华人地区被普遍称为包粟。北方方言中普遍称为棒子或苞谷。东北话称为苞米。</p>##<p>一年生禾本科植物；根系强大，有支柱根；秆粗壮；线形披针形叶子宽大；花单性、雌雄同株，雄花为圆锥花序顶生，雌花为肉穗花序着生叶腋间，外面有总苞。</p>##<p>原产于中美洲，是印地安人培育的主要粮食作物。原本是体型很小的草，喜高温，经美洲原住民培育多代后才出现较大型的玉米。16世纪时传入中国，最早记载见于明朝嘉靖三十四年成书的《巩县志》，称其为“玉麦”，其后嘉靖三十九年《平凉府志》称作“番麦”和“西天麦”。“玉米”之名最早见于徐光启的《农政全书》。在原产地美洲以外，中国是玉米种植最为普及的地区之一。玉米也是全世界总产量最高的粮食作物。</p>##<p>大部分历史学家认为玉米是在墨西哥的特瓦坎谷驯化[15]。 奥尔梅克人及马雅人在中美洲栽培了许多不同的品种，有些可以直接烹煮，有些则用碱法烹制的方式处理。从公元前2500年起，玉米开始传播到美洲的很多地区[16]。欧洲人在十五世纪末和十六世纪初开始和美洲原住民接触，将玉米带回欧洲（哥伦布大交换），也带到其它国家。因为玉米可以在各种不同的气候下生长，因此被传播到全地各地。高甜度的玉米称为甜玉米，一般种植供人类食用，而其他野玉米则供作动物粮食及化学工业、食品工业原料。</p><p>玉米是美洲种植最多的粮食作物，单在美国就有每年约3.32亿吨的产量，而美国的玉米约有40%—约1.3亿吨—用来制造乙醇。2009年种植的美国玉米中，约有85%是基因改造玉米。</p>##<p>玉米不脱粒就可以直接蒸、煮、烤食用。脱粒后通常加工成粉状，如果精加工口味不错。但以前为了增加产量，常和种皮一起磨粉，叫做“棒子面”，非常粗糙，难以下咽，但抗饥饿，是低收入人们的主要粮食。随着经济水平的提高，现在只有精加工的玉米粉作为调剂口味用。</p><p>玉米主要用于作为饲料，工业生产淀粉、发酵类药品的主要原料。</p><p>玉米胚芽可以提炼玉米油。刚成型的一寸来长的玉米芯可直接当作蔬菜烹调，口感类似笋。煮熟的玉米粒是沙拉常用的材料，或做粟米羹，或直接食用。墨西哥人常用一种大型的玉米粒和肉类烹调汤类食物pozole。</p><p>玉米还可以加工成高果糖浆。高果糖浆常用于增加商业食品的甜味，例如各类饮品、面包、麦片、零食、腌肉、酸奶、汤料和调味剂等。</p><p>玉米茎粗壮高大，叶宽大，以前也是平原地区农民的重要燃料来源。</p><p>玉米甚至还可以加工制造成塑胶、光碟、生物燃料。</p>##<p玉米的根为须根系，除胚根外，还从茎节上长出节根：从地下节根长出的称为地下节根，一般4~7层；从地上茎节长出的节根又称支持根、气生根，一般2－3层。株高1－4.5米，秆呈圆筒形。全株一般有叶15－22片，叶身宽而长，叶缘常呈波浪形。花为单性，雌雄同株。雄花生于植株的顶端，为圆锥花序；雌花生于植株中部的叶腋内，为肉穗花序。雄穗开花一般比雌花吐丝早3－5天。</p><p>实际上近代以来的栽种玉米是不能自然地生育的，因为其种子(玉米粒)是不会自然地从玉米棒上脱落，需要人工脱粒。正因为此，玉米棒可以直接煮熟啃食，这方面较米麦方便得多。这样的植物很明显地经过了驯化，而其驯化的历史，尚在古农业学家和基因学家研究中。</p>','yumi.jpg',NULL,NULL),(10014,'13','稻米','稻的分类与品种##稻谷的构造##稻米生长范围与产量##耕种方式##稻米收成##稻米营养##米的额外功用##稻的副产品','稻或米或饭（已煮熟米），俗称大米，是人类重要的粮食作物之一，耕种及食用的历史相当悠久，分为水稻和光稃稻。稻的栽培起源于约公元前8200年南中国珠江中游的聚落地带[1]，另有考古发现在约公元前8200年前的中国湖南。在1993年，考古队在道县玉蟾岩发现了世界最早的古栽培稻，距今约8200年。水稻在中国与东南亚广为栽种后，逐渐向西传播到印度，中世纪引入欧洲南部。现时全世界有一半的人口食用稻，主要在亚洲、欧洲南部和热带美洲及非洲部分地区。2013年稻的总产量占世界粮食作物产量第二位，仅低于玉米','大米##水稻','<p>由于稻是人类的主要粮食作物，据知目前世界上的稻属植物可能超过14万种，而且科学家还在不停的研发新稻种，因此稻的品种究竟有多少，是很难估算的。作为粮食的主要有非洲米（即光稃稻）和亚洲米种，不过较简明的分类是依稻谷的淀粉成分来粗分。稻米的淀粉分为直链及支链两种。支链淀粉越多，煮熟后会黏性越高。</p><p>中国栽培稻分为籼稻和粳稻两个“亚种”，每个亚种又分为“早、中稻”和晚稻两个“群”，每个群又分为水稻和陆稻两个“型”，每个型再分为粘稻和糯稻两个“变种”以及一般栽培品种。糯稻是粘稻淀粉粒性质发生变化形成变异型。籼型糯稻叫小糯或长粒糯，粳型糯稻称大糯或团粒糯。</p>##<p>稻叶在幼年时，跟杂草非常相似，一样具有长扁型的外观，农人多依赖稻叶特殊的叶耳与叶舌来区分。叶耳就是稻叶叶环的两端长出耳状之物，叶舌则是稻叶叶环内长出的薄膜。稻叶的叶脉是平行的，中央有很明显的中脉，呈绿色，在中肋，边缘或尖端有时也会有紫色色素。</p><p>稻子的根呈胡须状，细短而多，随着稻的成长数量会增多，稻株旁也会不断长出小枝来。</p><p>稻成为稻穗后，一株稻穗约开200-300朵稻花，一朵稻花会形成一粒稻谷。稻花没有花瓣，也很难看到雄蕊雌蕊，它们都由稻花的内外颖保护着。稻在自体授粉时，雄蕊上的花药会破裂，花粉相当细小，会随风力，稻的摇摆，落到隔壁雌粉上头。与雌粉子房中的胚珠结合，发育而成胚芽，也就是人类食用和摄取营养的主要来源。在胚芽附近，还有浆状的胚乳会不断增加，使子房日渐肥大。外观上则会看到绿色的稻谷上有细毛，称为稻芒。</p><p>稻的生长非常快，最久一年，最快则三到四个月，就能从发芽、开花、完成结实的过成。稻的种子在伸出幼芽的时间仅需两三天，幼芽抽出第一片叶子，又只需要三天，因此在气候温和的地区，一年可种三期稻。农人选稻种时，多会将其泡在水中，轻而浮起的稻种会被淘汰，剩下来的就会培育成稻苗。湄公河下游，有一种水稻（浮稻）生活在水中，叶随水涨生长，最长有8米，越南人叫魔鬼稻（这种水稻最早由百越中的雒越人种植，在湄公河，红河，萨尔温江与伊洛瓦底江下游）。</p>##<p>稻主要的生长区域是中国南方，最高可以在2500多米的澜沧江高原上种植，台湾、日本、朝鲜半岛、东南亚、南亚、欧洲南部地中海沿岸、美国东南部、中美洲、大洋洲和非洲部分地区，中国大陆北方沿河地区也种植稻。也就是说，除了南极洲之外，几乎大部分地方都有稻米生长。</p><p>在2003年统计，全世界的稻作产量高达5亿8900万吨。在亚洲就有5亿3400万吨的产量。而全世界稻田总面积可达150万平方公里。目前，最大的稻米出口国为泰国。</p>##<p>水稻的种植技术，包括稻田和插秧，是在中国历史上发明的。传说中是神农氏教导人们如何种稻。</p><p>目前稻的耕种除传统的人工耕种方式，亦有高度机械化的耕种方式。但仍不失下列步骤：</p><p>1`整地：种稻之前，必须先将稻田的土壤翻过，使其松软，这个过程分为粗耕、细耕和盖平三个期间。过去使用兽力和犁具，主要是水牛或黄牛来整地犁田，但现在多用机器整地了。</p><p>2`育苗：农民先在某块田中培育秧苗，此田往往会被称为秧田，在撒下稻种后，农人多半会在土上洒一层稻壳灰；现代则多由专门的育苗中心使用育苗箱来使稻苗成长，好的稻苗是稻作成功的关键。在秧苗长高约八公分时，就可以进行插秧了。</p><p>3`插秧：将秧苗仔细的插进稻田中，间格有序。传统的插秧法会使用秧绳、秧标或插秧轮，来在稻田中做记号。手工插秧时，会在左手的大拇指上戴分秧器，帮助农人将秧苗分出，并插进土里。插秧的气候相当重要，如大雨则会将秧苗打坏。现代多有插秧机插秧，但在土地起伏大，形状不是方型的稻田中，还是需要人工插秧。秧苗一般会呈南北走向。还有更为便利的抛秧。目前，先进的种植方法采用稀植或超稀植，密度基本固定在行距30㎝，株距20㎝左右（每平方米16穴）的范围内。</p><p>4`除草除虫：秧苗成长的时候，得时时照顾，并拔除杂草、有时也需用农药来除掉害虫（如福寿螺）。</p><p>5`施肥：秧苗在抽高，长出第一节稻茎的时候称为分蘗期，这段期间往往需要施肥，让稻苗成长的健壮，并促进日后结穗米质的饱满和数量。以高产为目的的超级稻，每公顷施肥量为氮160～220kg，P2O5 75～100kg，K2O 50～75kg。</p><p>6`灌排水：水稻比较倚赖这个程序，旱稻的话是旱田，灌排水的过程较不一样，但是一般都需在插秧后，幼穗形成时，还有抽穗开花期加强水分灌溉。随着现代除草技术的完善、施肥技术与品种和旱育稀植栽培等各个种先进技术的推广，现在一般执行分蘖期浅灌，幼穗分化开始间隙灌水的方法的同时，到幼穗分化的中后期，如遇到低温就深灌水来防止低温冷害的灌水方法。</p><p>7`收成：当稻穗垂下，金黄饱满时，就可以开始收成，过去是农民一束一束，用镰刀割下，再扎起，利用打谷机使稻穗分离，现代则有收割机，将稻穗卷入后，直接将稻穗与稻茎分离出来，一粒一粒的稻穗就成为稻谷。</p><p>8`干燥、筛选：收成的稻谷需要干燥，过去多在三合院的前院晒谷，需时时翻动，让稻谷干燥。筛选则是将瘪谷等杂质删掉，用电动分谷机、风车或手工抖动分谷，利用风力将饱满有重量的稻谷自动筛选出来。</p><p>9`免耕抛秧法现在人工种植水稻的一种新方法，可以省去整理土地的苦累。主要思路就是只对土地进行除草，而秧苗是用秧盘进行育苗。不过，只能适用于水田。由于免去了对土地的整理，而且抛秧也比插秧要快很多，因此可以大幅度减轻农民的劳动负担。</p>##<p>在不同的地区，稻米一年中收成的次数也是不同的。在东南亚、华南及台湾等纬度较低的地方，稻米一年能收成三次；中国长江流域一年能收成两次；而在中国北方、朝鲜半岛、日本等纬度较高的地区稻米一年只能收成一次。在湄公河下游，两年可收成七次。</p><p>此外，稻米收成有时会因为一些天灾或动物而造成歉收。天灾方面包括河水泛滥、洪水暴雨、干旱和山火等。而造成祸害的动物则主要为福寿螺、老鼠和蝗虫等。</p>##<p>稻米的营养价值高，其主要营养成分是：蛋白质、糖类、钙、磷、铁、葡萄糖、果糖、麦芽糖、维生素B1、维生素B2等。大米的淀粉粒小，粉质最细，例如马铃薯的淀粉直经为70～100μm，小麦30～45μm，玉米15～25μm，水稻仅为3～10μm。稻米的纤维素含量少，因此口感好，又便于人体消化和吸收，例如玉米5.5%，小麦3.0%，稻米0.3%。</p>##<p>稻米经加工后也可像面包糠一样作为油炸粉之用，而将一团饭粒放进冰箱后可拿来吸掉热油中的油渣。除了食用方面的功能外，也对果物有催熟作用，将生果放在米缸中可以令其更快熟透。米对美容也有许多帮助，稻米糊就是一种保养品，而稻米磨成的粉末则可制成蜜粉，均对滋润和护肤有美容功效。煮熟的米具有很大的黏性因此也曾被用作浆糊。</p><p>由于米的尺寸和硬度适合做微雕，因此也用做米雕。</p>##<p>尽管种植稻米是为了要将其作为主要粮食（主要热量来源），但在历史悠久的演化下，稻米对人类还有很多其他的经济作用，如米糠就是其一，米糠是米的皮层，可以榨油。在日本，米糠油被视做一种美白圣品。此外，米糠也能腌菜，甚至单独成为一道菜，就叫做炒米糠。据科学家研究[来源请求]，米糠的营养价值也相当高，除含有稻米果实中64%的营养，还含有人体必须营养素中90%以上的营养物质。除米糠油外，米糠蛋白和米糠营养素都是科学家研究的主要方向。因此市面上有许多保健食品、健康补充食品，甚至是日常生活用品中都被广告强调它们有新鲜米糠的成分。</p><p>与米糠类似的还有稻糠，也就是稻谷的壳，它是动物饲料的重要来源。也被运用做建筑材料，许多亚洲乡下的传统泥屋，如中国客家村落中的圆型土楼，材料中就有稻糠。现代社会中，稻糠也被试用在水泥混合材上，或是用来生产植酸钙、肌醇。</p><p>稻草也是另一个相当有特色的经济副产品，用途相当多。除供牛羊等牲畜食用，以稻草编成的草绳、草鞋与蓑衣，是许多农人的必备品。早期也有许多房子是以稻草做屋顶。利用稻草编织出的工艺产品，也相当常见，如草席，草帽等。在稻田中最常见的还有戴着帽子，用来吓阻鸟群的稻草人，是早期农村相当常见的景观。稻草在现今大力发展的食用菌产业中也占有一席之地，稻草经过发酵以后能用于栽培如双孢蘑菇等食用菌。</p><p>然而今日由于机械化器具引进，牲畜减少，塑胶生活用品也处处皆是，因此稻草的用处急遽减少。许多农民收割之后，会在田中以焚烧的方式来处理大量稻草，但同时制造空气污染。以目前的社会型态，最好的处理方式是就地掩埋稻草，除不会制造空气污染外，尚可加强土壤的养份。据台湾农业改良会研究，在排水良好的稻田中，就地掩埋稻草，能对第一期作水稻增产 10％；排水不良的田中，每年都掩埋稻草的话，第四年以后，就可增产约 5～8％；研究资料也显示，三年中每年都掩埋稻草，会让稻田土壤有机质含量自 2.1％增加至 2.7％，同时田中的磷、钾、钙、铁、硅含量也都会增加。</p>','shuidao.jpg',NULL,NULL),(10015,'14','马铃薯','名称##特性##基因##历史##营养##毒性##生长和种植##病害或虫害##食用','马铃薯属茄科多年生草本植物，块茎可供食用，营养均衡，是理想的人类食物之一，全球第三大重要的粮食作物，仅次于小麦和玉米，与稻米接近。马铃薯的人工栽培最早可追溯到大约公元前8000年到公元前5000年的秘鲁南部地区。','土豆##山药蛋##洋芋##塞豆##洋番芋##洋山芋','<p>马铃薯一名最早见于康熙年间的《松溪县县志》。[4]中国东北称土豆、华北称山药蛋、中国西北称洋芋、天津称塞豆、江浙一带称洋番芋、洋山芋、洋芋艿（宁波）或芋艿（慈城），广东及香港称之为马铃薯，[5]闽东地区则称之为番仔薯。其它还有过的称呼有爪哇薯、土芋、地豆、土蛋、土生、香芋、洋山药、山药豆、阳（洋、杨）芋等等。目前中国最普遍的称谓为土豆与洋芋，马铃薯的名称由来是长相如古代用的马铃。</p>##<p>多年生草本，但作一年生或一年两季栽培。地下块茎呈圆、卵、椭圆等形，有芽眼，皮红、黄、白或紫色。地上茎呈棱形，有毛。奇数羽状复叶。聚伞花序顶生，花白、红或紫色。浆果球形，绿或紫褐色。种子肾形，黄色。</p>##<p>马铃薯在全世界广泛种植。为纪念秘鲁在马铃薯种植起源上的重要性，1971年，利马市成立国际马铃薯中心，中心拥有一个ISO认证的马铃薯胚质收藏库。[7]在那里有5000种马铃薯被认定了身份，其中有3000多种都是在秘鲁发现的。</p>##<p>2006年，由荷兰瓦赫宁恩大学发起和筹划国际马铃薯基因组测序协作组。研究的目的就是建立一份马铃薯的物理图谱和获得完整确切的马铃薯基因组序列。基因组序列将帮助科学家们从分子水平上了解马铃薯是如何生长、发育和繁殖的，从而有助于继续提高马铃薯品种的产量、品质和抗病性，还可加速新品种的培育。这个计划获得了来自14个国家的29个研究机构的支持。2009年，马铃薯基因组序列框架图的完成。确定了马铃薯的基因组有12条染色体，0.84亿个碱基对。该框架图覆盖了95％以上的基因。[1][8][9] 2011年，《自然》杂志发表了该调查的结果。</p>##<p>马铃薯的人工栽培最早可追溯到大约公元前8000年到公元前5000年。由美国威斯康辛大学发起的研究，通过在350中不同的马铃薯上使用遗传标记，最终确定全世界的马铃薯都起源于今天的秘鲁南部所在区域种植的马铃薯，从那里逐渐向南美的北部和南部传播出来。[2]随着西班牙征服印加帝国，马铃薯在16世纪下半叶被西班牙人带回到欧洲传播开来。然后再被欧洲的探险者和殖民者带到全世界各地。在马铃薯被传入欧洲的早期，它的消费量并不是很大。到了19世纪欧洲人口膨胀时期，马铃薯已经成为重要的食物和农作物。[11]根据保守估计，马铃薯的引进在1700年至1900年间至少造成旧大陆四分之一的人口增长以及促进了欧洲的城市化过程。[12]在1845年至1848年之间，一场名为“晚疫病”（late blight）的瘟疫袭击了欧洲的马铃薯种植业，严重损坏了马铃薯种植。爱尔兰受灾最重，导致了一场大饥荒，至少有100万人因此死亡，超过200万的爱尔兰人出逃，其中大约4分之3移民到美国。</p><p>马铃薯何时、何地传入中国，目前尚难确切断定。根据陕西省兴平县县志和1700年修的福建省松溪县县志的记载，16世纪至19世纪时已分别由西北和华南通过多途径传入中国。[14]也有学者认为早在16世纪的明朝万历年间，马铃薯就传入中国。</p>##<p>马铃薯是目前世界上除了谷物以外，用作人类主食的最重要的粮食作物，主要食用其地下块茎。</p><p>马铃薯具有很高的营养价值和药用价值。它富含大量碳水化合物，能供给人体大量的热能。马铃薯的营养成分也非常全面，含有蛋白质、矿物质（磷、钙等）、维生素等多种成分，营养结构也较合理，有“地下苹果”之称。其所含的维生素C是苹果的10倍，B族维生素是苹果的4倍，各种矿物质是苹果的几倍至几十倍不等，食用后有很好的饱腹感。 马铃薯的皮富含绿原酸和硫辛酸。绿原酸有抗氧化和抗癌的功效，硫辛酸可淡斑、防止皮肤老化。马铃薯还含有能够帮助预防老年疾病的膳食抗氧化剂以及有利于健康的膳食纤维。</p>##<p>马铃薯含有一些有毒的生物碱，主要是茄碱和毛壳霉碱。马铃薯中茄碱含量一般为每公斤30至100毫克，通常认为每公斤200毫克以内食用是安全的，但发芽马铃薯芽眼四周和见光变绿部位，茄碱含量可高达每公斤5克，因此食用可能中毒。</p>##<p>马铃薯多用块茎繁殖。性喜冷凉高燥。对土壤的适应性很强，以疏松肥沃的砂质土为佳，但对气候要求凉、冷、燥，在湿热地区虽然也能生长，不过一代以后品种就会演化，需要经常从寒冷地区引进新的种。</p>##<p>病害</p><p>霉菌</p><p>种植时如太过潮湿，可能导致红曲霉菌感染。患处会出现红铁銹般的菌丝，整株都无法生长。</p><p>真菌</p><p>害虫</p><p>食草瓢虫</p><p>介壳虫</p><p>蚜虫</p><p>蛾</p><p>金花虫</p><p>象鼻虫</p>##<p>马铃薯鲜薯可供烧煮作粮食或蔬菜。但鲜薯块茎体积大，含水量高，运输和长期贮藏有困难。为此，世界各国十分注意生产马铃薯的加工食品，如法式冻炸条、炸片、速溶全粉、淀粉以及花样繁多的糕点、蛋卷等，为数达100多种，在马铃薯国际贸易量已占主要比重。</p>','malingshu.jpg',NULL,NULL),(10016,'15','甘蔗','生长性状##传播历史##甘蔗的营养','甘蔗是禾本科的单子叶植物，为甘蔗属（Saccharum）的总称。甘蔗是温带和热带农作物，是制造蔗糖的原料，且可提炼乙醇作为生质能源。全世界有一百多个国家出产甘蔗，最大的甘蔗生产国是巴西、印度和中国。中国最常见的食用甘蔗为中国竹蔗。','甘蔗','<p>甘蔗为一年生或多年生草本植物。圆柱形茎直立、分蘖、丛生、有节，节上有芽；节间实心，外被有蜡粉，有紫、红或黄绿色等；叶子丛生，叶片有肥厚白色的中脉；大型圆锥花序顶生，小穗基部有银色长毛，长圆形或卵圆形颖果细小。甘蔗适合栽种于土壤肥沃、阳光充足、年雨量大、冬夏温差大的地方。栽种采插枝法，经过灌溉、施肥、除草约十八个月可收成。</p>##<p>甘蔗起源问题现在认识不一，有多种说法。一说起源于中国，中国华南、西南南部一带可能是甘蔗的原产地之一。其主要论据是：</p><p>于公元前4世纪末，中国语系中早有“柘”或“薯柘”一词，后来“柘”字衍作“蔗”。</p><p>甘蔗的命名，纯粹是按中国驯化植物的习惯来命名的，没有加上引进植物的“胡”、“番”、“洋”和外来地名，也不译音。</p><p>甘蔗的近缘植物在中国分布很广，类型也相当多，甘蔗亚族中9个属植物都有。主要的甘蔗属割手密，北自秦岭 ，南至海南岛都有分布。尤其是华南、西南南部一带分布最多。</p><p>澳大利亚的科学工作者分析了甘蔗的异构酶和黄酮类化合物，判断甘蔗物种间亲缘关系，准确的追溯到甘蔗的祖先是甘蔗属的割手密（学名：Saccharum Spontaneum）和芒属的五节芒（学名：Miscanthus Flordulus）中国南部、西南部，是世界上甘蔗野生种割手密和五节芒的一个重要分布中心。</p><p>由此推论，中国华南、西南南部一带为甘蔗的原产地之一，甘蔗属的中国种（S.Singnse Roxb），可以肯定是起源于中国。</p><p>另一种说法为甘蔗原产地可能是新畿内亚或印度，后来传播到南洋群岛，大约在周朝周宣王时传入中国南方。先秦时代的“柘”就是甘蔗，到了汉代才出现“蔗”字[1]，“柘”和“蔗”的读音可能来自梵文sakara。10到13世纪（宋代），江南各省普遍种植甘蔗；中南半岛和南洋各地如真腊、占城、三佛齐、苏吉丹也普遍种甘蔗制糖。</p><p>亚历山大大帝东征印度时，部下一位将领曾说印度出产一种不需蜜蜂就能产生蜜糖的草。公元6世纪伊朗萨珊王朝国王霍斯劳一世（Khosrau I Anushirvan）将甘蔗引入伊朗种植。8到10世纪甘蔗的种植遍及伊拉克、埃及、西西里、伊比利亚半岛等地。后来葡萄牙和西班牙殖民者又把甘蔗带到了美洲。</p>##<p>《本草纲目》记载甘蔗能够却咳化痰、利尿、养颜美容。主治：</p><p>发热口干、小便赤涩。取甘蔗去皮，嚼汁咽下。饮浆亦可</p><p>反胃吐食。用甘蔗汁七升、生姜汁一升，和匀，每日细细饮服。</p><p>干呕不息。有蔗汁温服半升，每日三次。加姜汁更好。</p><p>虚热咳嗽，口干涕唾。用甘蔗汁一程式半、青粱米四合，煮粥吃。</p><p>每日二次。极润心肺。</p>','ganzhe.jpg',NULL,NULL),(10017,'15','甜菜','形态##用途##营养##分类','甜菜又名菾菜或红菜头，为藜科甜菜属下的一个种。原产于欧洲西部和南部沿海，从瑞典直到西班牙，是热带甘蔗以外的一个主要糖来源。叶子也是一种蔬菜。','菾菜##红菜头','<p>甜菜是一种两年生草本植物，茎有1-2米高，叶长5-20厘米，叶形多变异，有长圆形，心脏形或舌形，叶面有皱纹或平滑；花小，绿色，每朵直径仅3-5毫米，5瓣，风媒。果实球状褐色，通常数个联生成球果；主根为肉质块根，有圆锥形，也有纺锤形和楔形，皮有红色、紫色、白色、浅黄色等不同的品种。</p><p>甜菜喜凉爽气候，根中含糖分，可以生产砂糖，但在高温和潮湿地区生长的甜菜含糖量低。</p>##<p>俄罗斯大菜中的“红菜汤”，其中的“红菜头”也是一种甜菜，甜菜根也可以作为蔬菜食用。</p><p>古代西方利用甜菜做药用，古代罗马帝国用甜菜治疗便秘和发烧，用甜菜叶子包裹治疗外伤。由于甜菜汁含硼，古代欧洲用它做春药。</p><p>中世纪欧洲用甜菜根治疗消化系统和循环系统疾病。食用过多的甜菜会使小便颜色变红。</p><p>2010年发表在\"美国医学期刊高血压\"上的一项科学研究论文表明，甜菜根汁中含有的硝酸盐对于降低血压的效果显著。饮用甜菜根汁或服用硝酸盐的人其血压会在24小时内下降。对于血压越高的人，这一种效果越发明显。甜菜根汁中的无机硝酸盐在被食用后将转换成氧化硝酸气体，而这种气体可以促进血管扩张和减压的作用。</p><p>在现代被用来做红丝绒蛋糕而深受大众喜爱。</p>##<p>甜菜富含维生素C和维生素A，维生素B1、B2、B12，粗蛋白，粗脂肪、膳食纤维、容易消化吸收的糖类，及铁、钙、钾、锌等矿物质。其中水溶性膳食纤维，可促进肠胃蠕动，帮助消化，调整肠道功能，协助矿物质吸收，有助人体获得均衡营养。250克的甜菜根营养成分为：</p><p>热量 31 卡 (130 千焦)</p><p>碳水化合物 8.5 g</p><p>纤维素 1.5 g</p><p>叶酸 53.2 μg</p><p>磷 32 mg</p><p>钾 259 mg</p>##<p>甜菜可以分为三个亚种，其中有两个是野生亚种，而全部的栽培种甜菜都被分类到Beta vulgaris subsp. vulgaris亚种内。</p><p>沿海甜菜（Beta vulgaris subsp. maritima），野生亚种。原产于地中海沿岸、欧洲的大西洋沿岸、近东地区及印度。是栽培种甜菜的祖先，栽培种甜菜大都是由本种选拔分离出来的。</p><p>阿达纳甜菜（Beta vulgaris subsp. adanensis），野生亚种。原产于希腊至叙利亚。</p><p>栽培甜菜（Beta vulgaris subsp. vulgaris），甜菜的栽培种都属于本亚种。</p><p>曼斯费尔德农作物百科全书将栽培甜菜分为叶用甜菜及根用甜菜两大类。</p><p>叶用甜菜（Beta vulgaris subsp. vulgaris convar. cicla），主要利用的部位是叶子。叶子作蔬菜食用，可再细分为两类：</p><p>食用叶子的品种，英文称为Spinach beet。</p><p>根用甜菜（Beta vulgaris subsp. vulgaris convar. vulgaris），主要利用的部位是块根。块根可以作蔬菜、制糖及作饲料等，可再细分为三类：</p><p>食用甜菜或甜菜根，块根用作蔬菜的品种，英文称为Garden beet。</p><p>糖用甜菜，块根用以制糖的品种，英文称为Sugar beet。</p><p>饲料甜菜，块根用作饲料的品种，英文称为Mangelwurzel。</p>','tiancai.jpg',NULL,NULL),(10018,'16','棉花','历史##品种与产地##用途##性能##品质','棉花，是锦葵科棉花属植物的种子纤维，原产于亚热带。植株灌木状，在热带地区栽培可长到6米高，一般为1到2米。花朵乳白色，开花后不久转成深红色然后凋谢，留下绿色小型的蒴果，称为棉铃。棉铃内有棉籽，棉籽上的茸毛从棉籽表皮长出，塞满棉铃内部。棉铃成熟时裂开，露出柔软的纤维。纤维白色至白中带黄，长约2至4厘米，含纤维素约87-90%。棉花产量最高的国家有中国、美国、印度、巴基斯坦、埃及等国。中国的产棉区主要有江苏、河北、河南、山东、湖北、新疆等地。','棉花','<p>棉花种植最早出现在公元前5-4千年的印度河流域文明中，在公元元年之前，棉纺织品的使用传到了地中海地区。公元一世纪，阿拉伯商人将精美的细棉布带到了意大利和西班牙。大约9世纪的时候，摩尔人将棉花种植方法传到了西班牙。中世纪棉花是欧州北部重要的进口物资，那里人自古以来习惯从羊身上获取羊毛，所以当听说棉花是种植出来的，还以为棉花来自一种特别的羊，这种羊是从树上长出来的，所以德语里面的棉花一词直译是“树羊毛”。</p><p>16世纪西班牙人进入墨西哥南部和尤卡坦半岛，发现当地植棉业已很发达，棉花质量更好，岛民将彩色棉纺成土布，做成当地人的服装。现在占世界棉花总产90％以上的棉种都原产于墨西哥的陆地棉。</p><p>9世纪阿拉伯旅行家苏莱曼在其《苏莱曼游记》中记述，在中国看到棉花，在花园里被作为“花”来观赏的[5]。《梁书·高昌传》记载：其地有“草，实如茧，茧中丝如细纩，名为白叠子。”</p><p>目前中原地区所见最早的棉纺织品遗物，是在一座南宋古墓中发现的一条棉线毯。元代初年，朝廷把棉布作为夏税（布、绢、丝、棉）之首[6]，设立木棉提举司，向人民征收棉布实物，据记载每年多达10万匹[7]，可见棉布已成为主要的纺织衣料。明朝也力征收棉花棉布，出版植棉技术书籍，劝民植棉。从明代宋应星的《天工开物》中所记载的“棉布寸土皆有”，“织机十室必有”，可知当时植棉和棉纺织已遍布全国。</p><p>清末，中国又陆续从美国引进了陆地棉良种，替代了质量不好产量不高的非洲棉和亚洲棉。现在中国种植的全是各国陆地棉及其变种。</p>##<p>棉花喜热、好光、耐旱、忌渍，适宜于在疏松深厚土壤中种植。棉花主要有如下几种：</p><p>粗绒棉--也叫亚洲棉，原产印度。由于产量低、纤维粗短，不适合机器纺织，目前已被淘汰。</p><p>长绒棉--也叫海岛棉，原产南美洲。纤维长、强度高是其特点，适合于纺高支纱。目前中国只有新疆生产。</p><p>细绒棉--也叫陆地棉，原产中美洲，所以又称美棉。适应性广、产量高、纤维较长、品质较好是其特点，可纺中支纱。中国的细绒棉占棉花产量的98%。</p>##<p>棉花主要作为编织品的材料，例如：棉衣、棉被、棉布、棉毛内衣、牛仔布…等。而毛巾布可以作高吸水性的毛巾及浴袍，麻纱 (棉织品)常用来做蓝色的工人工作服（因此有蓝领阶级一词），像灯芯绒、泡泡纱等也是棉织品。许多袜子、内衣及T裇及床单都是棉质的。棉花可以制成钩针编织或编织中用到的毛线。纤维也可能由一些纺丝、编织，或切割过程不要的的棉花或是编织物合收而来。许多材料完全用棉制成，不过也有些材料会将棉和其他纤维（如嫘萦或聚酯）混纺。</p><p>除了纺织业外，棉花也用来制作渔网、咖啡滤纸、帐篷、爆裂物（像硝化纤维）、棉纸等。最早的消防水龙也是用棉制的。</p><p棉籽可以提取油脂成棉籽油，在精炼后，曾像植物油一样的用在饮食中，但因其中含有的微量棉酚具生殖毒性[8]，因此引起争议。棉籽饼粉只能给反刍的动物食用，其中含有的棉酚对单胃动物是有毒的。棉籽壳可以加到乳牛的饲料中作为粗的干饲料。在美国奴隶时期，棉花根皮是传统医学中的堕胎药。棉酚是棉花植物中各部位都有的成分之一，被科学家称为“毒染料”，会抑制精子的发展，甚至限制精子的活动力，对女性而言，也会限制释放特定激素，影响月经周期[9]。></p><p>棉短绒（Cotton linter）是棉籽取棉花后，黏在棉籽上的丝状细纤维，一般长度小于1?8英寸（3.2毫米）。棉短绒一般用来造纸，也是制作纤维素的原材料。在英国棉短绒会称为原棉或药棉（cotton wool），不过药棉也可以指精制过的产品（美国称为脱脂棉），可用来医药、化妆及其他用途。最早将药棉用在医疗中的是英国伯明翰皇后医院的桑普森·詹吉。</p><p>埃及棉一般会指高品质的棉，不过埃及出产的棉只有少部分是高品质的，而大多数写“埃及棉”的制品多半也不是用埃及最好的棉制成[10]。</p><p>比马棉（Pima cotton）一般会和埃及棉相比，二者都用在高品质的床单及其他棉制品上，一些权威人士认为比马棉的品质是仅次于埃及棉。比马棉长在美州的西南部，不过也不是所有写比马棉的都用最好的棉花制成。像秘鲁、澳洲及以色列等产棉国家会使用比马棉这个名称[11]。</p>##<p>外观性能</p><p>棉的光泽较暗淡，风格自然朴实，故多用于日常的休闲装。棉纤维的染色性好，色谱齐全，但色牢度不够好。棉纤维的缺点是弹性差，不挺括，易起皱且不易恢复，为改善这一性能，常对棉进行免熨整理或树脂整理，如市场上出现的免熨衬衫、免熨休闲裤等棉制品。市场上常见的有DP（double press）或PP（permanent press）标记的衬衫表示具有“耐用熨烫”或“永久熨烫”性能。</p><p>舒适性能[编辑]棉纤维舒适柔软，手感温暖，吸湿性好（棉纤维为多孔性物质，纤维大分子上存在亲水基因），穿作舒适，不刺激皮肤，且不易产生静电。</p>##<p>依照等级、纤维长度及成熟度来判别</p><p>纤维长度：短纤、中长纤、长纤、超长纤</p>','mianhau.jpg',NULL,NULL);
/*!40000 ALTER TABLE `article` ENABLE KEYS */;
UNLOCK TABLES;

--
-- Table structure for table `block`
--

DROP TABLE IF EXISTS `block`;
/*!40101 SET @saved_cs_client     = @@character_set_client */;
/*!40101 SET character_set_client = utf8 */;
CREATE TABLE `block` (
  `bid` int(11) NOT NULL AUTO_INCREMENT,
  `bname` varchar(45) NOT NULL,
  `zoneId` int(11) NOT NULL,
  `area` double DEFAULT NULL,
  `address` varchar(200) DEFAULT NULL,
  `valid` int(11) DEFAULT '1',
  PRIMARY KEY (`bid`),
  UNIQUE KEY `bname_UNIQUE` (`bname`),
  KEY `blcok_zone_zoneId_idx` (`zoneId`),
  CONSTRAINT `blcok_zone_zoneId` FOREIGN KEY (`zoneId`) REFERENCES `zone` (`zoneId`) ON DELETE NO ACTION ON UPDATE NO ACTION
) ENGINE=InnoDB AUTO_INCREMENT=10007 DEFAULT CHARSET=utf8;
/*!40101 SET character_set_client = @saved_cs_client */;

--
-- Dumping data for table `block`
--

LOCK TABLES `block` WRITE;
/*!40000 ALTER TABLE `block` DISABLE KEYS */;
INSERT INTO `block` VALUES (10001,'1A',10001,1000,NULL,1),(10002,'1B',10001,NULL,NULL,1),(10003,'1C',10001,NULL,NULL,1),(10004,'1D',10001,NULL,NULL,1),(10005,'1E',10001,NULL,NULL,1),(10006,'1F',10002,200,'',1);
/*!40000 ALTER TABLE `block` ENABLE KEYS */;
UNLOCK TABLES;

--
-- Table structure for table `center`
--

DROP TABLE IF EXISTS `center`;
/*!40101 SET @saved_cs_client     = @@character_set_client */;
/*!40101 SET character_set_client = utf8 */;
CREATE TABLE `center` (
  `centerId` int(11) NOT NULL AUTO_INCREMENT,
  `address` varchar(80) DEFAULT NULL,
  `level` varchar(45) DEFAULT NULL,
  `name` varchar(45) DEFAULT NULL,
  `principal` varchar(45) DEFAULT NULL,
  `valid` int(11) DEFAULT '1',
  PRIMARY KEY (`centerId`)
) ENGINE=InnoDB AUTO_INCREMENT=10002 DEFAULT CHARSET=utf8;
/*!40101 SET character_set_client = @saved_cs_client */;

--
-- Dumping data for table `center`
--

LOCK TABLES `center` WRITE;
/*!40000 ALTER TABLE `center` DISABLE KEYS */;
INSERT INTO `center` VALUES (10001,' 湖南省衡阳市蒸湘区常胜西路28号','高级','南华中心','张三',1);
/*!40000 ALTER TABLE `center` ENABLE KEYS */;
UNLOCK TABLES;

--
-- Table structure for table `consult`
--

DROP TABLE IF EXISTS `consult`;
/*!40101 SET @saved_cs_client     = @@character_set_client */;
/*!40101 SET character_set_client = utf8 */;
CREATE TABLE `consult` (
  `cid` int(11) NOT NULL AUTO_INCREMENT,
  `username` varchar(45) DEFAULT NULL,
  `ccontent` varchar(500) DEFAULT NULL,
  `ctime` varchar(45) DEFAULT NULL,
  `acontent` varchar(500) DEFAULT NULL,
  `atime` varchar(45) DEFAULT NULL,
  `status` int(11) DEFAULT NULL,
  PRIMARY KEY (`cid`),
  KEY `consult_user_username_idx` (`username`),
  CONSTRAINT `consult_user_username` FOREIGN KEY (`username`) REFERENCES `user` (`username`) ON DELETE NO ACTION ON UPDATE NO ACTION
) ENGINE=InnoDB AUTO_INCREMENT=10012 DEFAULT CHARSET=utf8;
/*!40101 SET character_set_client = @saved_cs_client */;

--
-- Dumping data for table `consult`
--

LOCK TABLES `consult` WRITE;
/*!40000 ALTER TABLE `consult` DISABLE KEYS */;
INSERT INTO `consult` VALUES (10001,'chang123','1000亩田需要多少化肥','2016-03-06','','2016-11-24',1),(10002,'chang123','不知道','2016-03-08','','2017-01-03',1),(10003,'chang123','今年茶树前景如何？','2016-03-02','',NULL,0),(10004,'ping123','今年稻谷平均价格多少？','2016-08-01','',NULL,0),(10005,'an123','水稻钻心虫有什么好方法治疗？','2016-08-03','',NULL,0),(10006,NULL,NULL,'2016-11-28',NULL,NULL,0),(10007,NULL,'。。。','2016-12-12',NULL,NULL,0),(10008,'chang123',NULL,'2016-12-12',NULL,NULL,0),(10009,'chang123',NULL,'2016-12-12',NULL,NULL,0),(10010,'chang123','。。。','2016-12-12',NULL,NULL,0),(10011,'chang123','第三方','2016-12-12',NULL,'2017-01-03',1);
/*!40000 ALTER TABLE `consult` ENABLE KEYS */;
UNLOCK TABLES;

--
-- Table structure for table `farmland`
--

DROP TABLE IF EXISTS `farmland`;
/*!40101 SET @saved_cs_client     = @@character_set_client */;
/*!40101 SET character_set_client = utf8 */;
CREATE TABLE `farmland` (
  `farmlandId` int(11) NOT NULL AUTO_INCREMENT,
  `longitude` double DEFAULT NULL,
  `latitude` double DEFAULT NULL,
  `address` varchar(80) DEFAULT NULL,
  `area` double DEFAULT NULL,
  `picture` varchar(200) DEFAULT NULL,
  `username` varchar(45) NOT NULL,
  `transtion` varchar(45) DEFAULT NULL,
  `production` double DEFAULT NULL,
  `zoneId` int(11) DEFAULT NULL,
  `bid` int(11) DEFAULT NULL,
  `pH` varchar(45) DEFAULT NULL,
  `NPK` varchar(45) DEFAULT NULL,
  `state` int(11) DEFAULT '1',
  `valid` int(11) DEFAULT '1',
  PRIMARY KEY (`farmlandId`),
  KEY `userName_idx` (`username`),
  KEY `farmland_block_bid_idx` (`bid`),
  KEY `farmland_zone_zoneId_idx` (`zoneId`),
  CONSTRAINT `farmland_block_bid` FOREIGN KEY (`bid`) REFERENCES `block` (`bid`) ON DELETE NO ACTION ON UPDATE NO ACTION,
  CONSTRAINT `farmland_user_username` FOREIGN KEY (`username`) REFERENCES `user` (`username`) ON DELETE NO ACTION ON UPDATE NO ACTION,
  CONSTRAINT `farmland_zone_zoneId` FOREIGN KEY (`zoneId`) REFERENCES `zone` (`zoneId`) ON DELETE NO ACTION ON UPDATE NO ACTION
) ENGINE=InnoDB AUTO_INCREMENT=10106 DEFAULT CHARSET=utf8;
/*!40101 SET character_set_client = @saved_cs_client */;

--
-- Dumping data for table `farmland`
--

LOCK TABLES `farmland` WRITE;
/*!40000 ALTER TABLE `farmland` DISABLE KEYS */;
INSERT INTO `farmland` VALUES (10002,26.74942,12.657688,'湖南省衡阳市衡南县云集大道',800,'../HN_upload\\imgupload/5ji.jpg,../HN_upload\\imgupload/5ji2.jpg,../HN_upload\\imgupload/5ji3.jpg,','yuede123','1',NULL,10003,10002,'1','22',1,1),(10003,112.62211,26.850782,'湖南省衡阳市雁峰区蒸湘南路',60,NULL,'an123','',NULL,10001,10001,'6.8','',1,1),(10004,112.621571,26.851825,'湖南省衡阳市雁峰区蒸湘南路',90,NULL,'an123','',NULL,10001,10001,'6.9','',1,1),(10005,112.622348,26.851402,'湖南省衡阳市雁峰区蒸湘南路',45,NULL,'an123','',NULL,10001,10001,'6.8','',1,1),(10006,112.622146,26.851785,'湖南省衡阳市雁峰区蒸湘南路',45,NULL,'an123','',NULL,10001,10001,'7.0','',1,1),(10007,112.621894,26.85222,'湖南省衡阳市雁峰区蒸湘南路',60,NULL,'an123','',NULL,10001,10001,'7.0','',1,1),(10008,112.623314,26.849013,'湖南省衡阳市雁峰区蒸湘南路',61,NULL,'an123','',NULL,10001,10001,'7.0','',1,1),(10009,112.624338,26.848779,'湖南省衡阳市雁峰区蒸湘南路',59,NULL,'an123','',NULL,10001,10001,'7.0','',1,1),(10010,112.623412,26.850349,'湖南省衡阳市雁峰区蒸湘南路',76,NULL,'bang123','',NULL,10001,10001,'6.9','',1,1),(10011,112.627036,26.846715,'湖南省衡阳市雁峰区蒸湘南路',58,NULL,'bang123','',NULL,10001,10001,'6.9','',1,1),(10012,112.626767,26.847062,'湖南省衡阳市雁峰区蒸湘南路',90,NULL,'bang123','',NULL,10001,10001,'7.0','',1,1),(10013,112.626363,26.847517,'湖南省衡阳市雁峰区蒸湘南路',78,NULL,'bang123','',NULL,10001,10001,'6.9','',1,1),(10014,112.626075,26.848021,'湖南省衡阳市雁峰区蒸湘南路',99,NULL,'bang123','',NULL,10001,10001,'7.0','',1,1),(10015,112.625833,26.848593,'湖南省衡阳市雁峰区蒸湘南路',88,NULL,'bang123','',NULL,10001,10001,'6.8','',1,1),(10016,112.625482,26.848931,'湖南省衡阳市雁峰区蒸湘南路',70,NULL,'bang123','',NULL,10001,10001,'7.0','',1,1),(10017,112.625204,26.849471,'湖南省衡阳市雁峰区蒸湘南路',105,NULL,'bang123','',NULL,10001,10001,'6.8','',1,1),(10018,112.629381,26.842557,'湖南省衡阳市雁峰区蒸湘南路',60,NULL,'jian123','',NULL,10001,10001,'7.1','',1,1),(10019,112.629165,26.84304,'湖南省衡阳市雁峰区蒸湘南路',70,NULL,'jian123','',NULL,10001,10001,'7.0','',1,1),(10020,112.628959,26.843492,'湖南省衡阳市雁峰区蒸湘南路',80,NULL,'jian123','',NULL,10001,10001,'6.8','',1,1),(10021,112.628761,26.843903,'湖南省衡阳市雁峰区蒸湘南路',70,NULL,'jian123','',NULL,10001,10001,'7.0','',1,1),(10022,112.628249,26.844257,'湖南省衡阳市雁峰区蒸湘南路',90,NULL,'jian123','',NULL,10001,10001,'6.9','',1,1),(10023,112.627773,26.844838,'湖南省衡阳市雁峰区蒸湘南路',120,NULL,'jian123','',NULL,10001,10001,'6.9','',1,1),(10024,112.627171,26.845313,'湖南省衡阳市雁峰区蒸湘南路',90,NULL,'jian123','',NULL,10001,10001,'6.9','',1,1),(10025,112.626668,26.8457,'湖南省衡阳市雁峰区蒸湘南路',99,NULL,'jian123','',NULL,10001,10001,'6.9','',1,1),(10026,112.626255,26.846131,'湖南省衡阳市雁峰区蒸湘南路',68,NULL,'guo123','',NULL,10001,10001,'7.0','',1,1),(10027,112.625815,26.846473,'湖南省衡阳市雁峰区蒸湘南路',68,NULL,'guo123','',NULL,10001,10001,'7.0','',1,1),(10028,112.625437,26.847142,'湖南省衡阳市雁峰区蒸湘南路',69,NULL,'guo123','',NULL,10001,10001,'7.0','',1,1),(10029,112.627719,26.848673,'湖南省衡阳市雁峰区蒸湘南路',90,NULL,'guo123','',NULL,10001,10001,'7.2','',1,1),(10030,112.621907,26.855458,'湖南省衡阳市雁峰区蒸湘南路',80,NULL,'guo123','',NULL,10001,10001,'7.0','',1,1),(10031,112.620003,26.854967,'湖南省衡阳市雁峰区蒸湘南路',90,NULL,'guo123','',NULL,10001,10001,'6.9','',1,1),(10032,112.620676,26.855039,'湖南省衡阳市雁峰区蒸湘南路',100,NULL,'guo123','',NULL,10001,10001,'6.9','',1,1),(10033,112.628207,26.835001,'湖南省衡阳市雁峰区蒸湘南路',89,NULL,'liang123','',NULL,10001,10001,'7.0','',1,1),(10034,112.627457,26.835657,'湖南省衡阳市雁峰区蒸湘南路',200,NULL,'liang123','',NULL,10001,10001,'6.9','',1,1),(10035,112.628409,26.836109,'湖南省衡阳市雁峰区蒸湘南路',120,NULL,'liang123','',NULL,10001,10001,'6.9','',1,1),(10036,112.629213,26.836093,'湖南省衡阳市雁峰区蒸湘南路',100,NULL,'liang123','',NULL,10001,10001,'7.0','',1,1),(10037,112.628836,26.837422,'湖南省衡阳市雁峰区蒸湘南路',101,NULL,'liang123','',NULL,10001,10001,'7.2','',1,1),(10038,112.627371,26.837406,'湖南省衡阳市雁峰区蒸湘南路',180,NULL,'liang123','',NULL,10001,10001,'7.3','',1,1),(10039,112.589091,26.938759,'湖南省衡阳市石鼓区Y101',200,NULL,'yuede123','',NULL,10001,10002,'','',1,1),(10040,112.588646,26.938264,'湖南省衡阳市石鼓区Y101',100,NULL,'yuede123','',NULL,10001,10002,'','',1,1),(10041,112.58888,26.939681,'湖南省衡阳市石鼓区Y101',100,'../HN_upload\\imgupload/1479389055507_2200.JPG','yuede123','',NULL,10001,10002,'','',1,1),(10042,112.58923,26.938353,'湖南省衡阳市石鼓区Y101',120,NULL,'wang123','',NULL,10001,10002,'7.0','',1,1),(10043,112.58936,26.937826,'湖南省衡阳市石鼓区Y101',130,NULL,'yuede123','',NULL,10001,10002,'6.9','',1,1),(10044,112.589691,26.938066,'湖南省衡阳市石鼓区Y101',80,NULL,'yuede123','',NULL,10001,10002,'6.8','',1,1),(10045,112.588688,26.937868,'湖南省衡阳市石鼓区Y101',86,NULL,'yuede123','',NULL,10001,10002,'7.2','',1,1),(10046,112.58886,26.939265,'湖南省衡阳市石鼓区Y101',101,NULL,'yuede123','',NULL,10001,10002,'6.9','',1,1),(10047,112.588356,26.938859,'湖南省衡阳市石鼓区Y101',120,NULL,'yuede123','',NULL,10001,10002,'6.8','',1,1),(10048,112.590278,26.937663,'湖南省衡阳市石鼓区Y101',89,NULL,'wang123','',NULL,10001,10002,'6.9','',1,1),(10049,112.589911,26.937152,'湖南省衡阳市石鼓区Y101',89,NULL,'wang123','',NULL,10001,10002,'7.0','',1,1),(10050,112.589573,26.937119,'湖南省衡阳市石鼓区Y101',120,NULL,'wang123','',NULL,10001,10002,'7.0','',1,1),(10051,112.588922,26.93743,'湖南省衡阳市石鼓区Y101',89,NULL,'wang123','',NULL,10001,10002,'7.0','',1,1),(10052,112.590454,26.936826,'湖南省衡阳市石鼓区Y101',60,NULL,'wang123','',NULL,10001,10002,'','',1,1),(10053,112.589946,26.936507,'湖南省衡阳市石鼓区Y101',120,NULL,'ming123','',NULL,10001,10002,'7.3','',1,1),(10054,112.588594,26.937382,'湖南省衡阳市石鼓区Y101',86,NULL,'ming123','',NULL,10001,10002,'6.2','',1,1),(10055,112.590611,26.936254,'湖南省衡阳市石鼓区Y101',79,NULL,'wang123','',NULL,10001,10002,'6.9','',1,1),(10056,112.590081,26.935864,'湖南省衡阳市石鼓区Y101',123,NULL,'ming123','',NULL,10001,10002,'6.3','',1,1),(10057,112.590369,26.934909,'湖南省衡阳市石鼓区Y101',90,NULL,'ming123','',NULL,10001,10002,'7.0','',1,1),(10058,112.588954,26.936291,'湖南省衡阳市石鼓区Y101',96,NULL,'ming123','',NULL,10001,10002,'6.9','',1,1),(10059,112.588221,26.937305,'湖南省衡阳市石鼓区Y101',91,NULL,'ming123','',NULL,10001,10002,'6.9','',1,1),(10060,112.589075,26.936882,'湖南省衡阳市石鼓区Y101',60,NULL,'ming123','',NULL,10001,10002,'6.3','',1,1),(10061,112.5885,26.936572,'湖南省衡阳市石鼓区Y101',78,NULL,'lao123','',NULL,10001,10002,'7.0','',1,1),(10062,112.58762,26.937688,'湖南省衡阳市石鼓区Y101',66,NULL,'lao123','',NULL,10001,10002,'6.9','',1,1),(10063,112.588024,26.938219,'湖南省衡阳市石鼓区Y101',85,NULL,'lao123','',NULL,10001,10002,'7.0','',1,1),(10064,112.587809,26.939036,'湖南省衡阳市石鼓区Y101',89,NULL,'lao123','',NULL,10001,10002,'6.9','',1,1),(10065,112.588271,26.93778,'湖南省衡阳市石鼓区Y101',90,NULL,'lao123','',NULL,10001,10002,'7.3','',1,1),(10066,112.587328,26.939189,'湖南省衡阳市石鼓区Y101',89,NULL,'lao123','',NULL,10001,10002,'7.0','',1,1),(10067,112.587772,26.938633,'湖南省衡阳市石鼓区Y101',69,NULL,'ming123','',NULL,10001,10002,'7.3','',1,1),(10068,112.586771,26.939378,'湖南省衡阳市石鼓区Y101',79,NULL,'cao123','',NULL,10001,10002,'6.9','',1,1),(10069,112.585998,26.939294,'湖南省衡阳市石鼓区Y101',70,NULL,'cao123','',NULL,10001,10002,'7.0','',1,1),(10070,112.585675,26.939813,'湖南省衡阳市石鼓区Y101',70,NULL,'cao123','',NULL,10001,10002,'7.0','',1,1),(10071,112.586245,26.939692,'湖南省衡阳市石鼓区Y101',120,NULL,'cao123','',NULL,10001,10002,'6.9','',1,1),(10072,112.586959,26.939741,'湖南省衡阳市石鼓区Y101',100,NULL,'cao123','',NULL,10001,10002,'7.1','',1,1),(10073,112.587148,26.939499,'湖南省衡阳市石鼓区Y101',60,NULL,'xing123','',NULL,10001,10002,'6.9','',1,1),(10074,112.587714,26.939346,'湖南省衡阳市石鼓区Y101',90,NULL,'xing123','',NULL,10001,10002,'6.9','',1,1),(10075,112.586492,26.94024,'湖南省衡阳市石鼓区Y101',66,NULL,'xing123','',NULL,10001,10002,'6.9','',1,1),(10076,112.586843,26.940433,'湖南省衡阳市石鼓区Y101',70,NULL,'xing123','',NULL,10001,10002,'7.0','',1,1),(10077,112.587162,26.940047,'湖南省衡阳市石鼓区Y101',60,NULL,'xiao123','',NULL,10001,10002,'6.9','',1,1),(10078,112.587463,26.940381,'湖南省衡阳市石鼓区Y101',91,NULL,'xiao123','',NULL,10001,10002,'7.3','',1,1),(10079,112.587934,26.940232,'湖南省衡阳市石鼓区Y101',69,NULL,'xiao123','',NULL,10001,10002,'6.9','',1,1),(10080,112.587153,26.940964,'湖南省衡阳市石鼓区Y101',70,NULL,'xiao123','',NULL,10001,10002,'7.1','',1,1),(10081,112.586748,26.941146,'湖南省衡阳市石鼓区Y101',92,NULL,'xiao123','',NULL,10001,10002,'7.2','',1,1),(10082,112.674055,26.913755,'湖南省衡阳市珠晖区',120,NULL,'jia123','',NULL,10002,10003,'7.0','',1,1),(10083,112.675213,26.913393,'湖南省衡阳市珠晖区双拥路',100,NULL,'jia123','',NULL,10001,10003,'7.1','',1,1),(10084,112.673929,26.915281,'湖南省衡阳市珠晖区',80,NULL,'jia123','',NULL,10001,10003,'6.3','',1,1),(10085,112.6756,26.916296,'湖南省衡阳市珠晖区',106,NULL,'jia123','',NULL,10001,10003,'6.9','',1,1),(10086,112.67471,26.914838,'湖南省衡阳市珠晖区',96,NULL,'jia123','',NULL,10001,10003,'6.5','',1,1),(10087,112.675061,26.914117,'湖南省衡阳市珠晖区双拥路',130,NULL,'jia123','',NULL,10001,10003,'7.2','',1,1),(10088,112.675676,26.915201,'湖南省衡阳市珠晖区双拥路',78,NULL,'jia123','',NULL,10001,10003,'7.1','',1,1),(10089,112.676768,26.913131,'湖南省衡阳市珠晖区双拥路',101,NULL,'pan123','',NULL,10001,10003,'6.8','',1,1),(10090,112.677513,26.913727,'湖南省衡阳市珠晖区双拥路',90,NULL,'pan123','',NULL,10001,10003,'6.9','',1,1),(10091,112.676979,26.914963,'湖南省衡阳市珠晖区双拥路',150,NULL,'pan123','',NULL,10001,10003,'6.9','',1,1),(10092,112.67851,26.915096,'湖南省衡阳市珠晖区双拥路',90,NULL,'pan123','',NULL,10001,10003,'6.9','',1,1),(10093,112.677127,26.915974,'湖南省衡阳市珠晖区双拥路',89,NULL,'pan123','',NULL,10001,10003,'6.8','',1,1),(10094,112.678461,26.915784,'湖南省衡阳市珠晖区双拥路',80,NULL,'pan123','',NULL,10001,10003,'6.9','',1,1),(10095,112.688204,26.903041,'湖南省衡阳市珠晖区衡茶路',80,NULL,'shang123','',NULL,10001,10004,'6.9','',1,1),(10096,112.687161,26.90258,'湖南省衡阳市珠晖区衡茶路',109,NULL,'shang123','',NULL,10001,10004,'6.9','',1,1),(10097,112.686218,26.90171,'湖南省衡阳市珠晖区衡茶路',59,NULL,'shang123','',NULL,10001,10004,'6.1','',1,1),(10098,112.685001,26.90225,'湖南省衡阳市珠晖区衡茶路',98,NULL,'down123','',NULL,10001,10004,'6.9','',1,1),(10099,112.686087,26.90308,'湖南省衡阳市珠晖区衡茶路',120,NULL,'down123','',NULL,10001,10004,'7.0','',1,1),(10100,112.686061,26.902484,'湖南省衡阳市珠晖区衡茶路',59,NULL,'down123','',NULL,10001,10004,'6.9','',1,1),(10101,112.687655,26.903837,'湖南省衡阳市珠晖区衡茶路',116,NULL,'down123','',NULL,10001,10004,'7.0','',1,1),(10102,112.686999,26.903611,'湖南省衡阳市珠晖区衡茶路',11,'../HN_upload/imgupload/1480141790419_6266.jpeg','wen123','test',NULL,10001,10004,'11','',1,1),(10103,112.685876,26.903547,'湖南省衡阳市珠晖区衡茶路',100,NULL,'cao123','',NULL,10001,10004,'','',1,1),(10104,112.684358,26.903426,'湖南省衡阳市珠晖区衡茶路',100,'../HN_upload/imgupload/1483701598492_6797.jpg,../HN_upload/imgupload/1483701598495_5613.jpg','cao123','',NULL,10001,10004,'','',1,1),(10105,112.688302,26.902419,'湖南省衡阳市珠晖区衡茶路',100,'../HN_upload/imgupload/1483701722273_1618.jpg','bang123','',NULL,10001,10004,'','',1,1);
/*!40000 ALTER TABLE `farmland` ENABLE KEYS */;
UNLOCK TABLES;

--
-- Table structure for table `gasstation`
--

DROP TABLE IF EXISTS `gasstation`;
/*!40101 SET @saved_cs_client     = @@character_set_client */;
/*!40101 SET character_set_client = utf8 */;
CREATE TABLE `gasstation` (
  `gid` int(11) NOT NULL AUTO_INCREMENT,
  `longitude` double DEFAULT NULL,
  `latitude` double DEFAULT NULL,
  PRIMARY KEY (`gid`)
) ENGINE=InnoDB AUTO_INCREMENT=10005 DEFAULT CHARSET=utf8;
/*!40101 SET character_set_client = @saved_cs_client */;

--
-- Dumping data for table `gasstation`
--

LOCK TABLES `gasstation` WRITE;
/*!40000 ALTER TABLE `gasstation` DISABLE KEYS */;
INSERT INTO `gasstation` VALUES (10001,112.586778,26.938514),(10002,112.623605,26.85729),(10003,112.611279,26.802627),(10004,112.685272,26.903032);
/*!40000 ALTER TABLE `gasstation` ENABLE KEYS */;
UNLOCK TABLES;

--
-- Table structure for table `insectcontrol`
--

DROP TABLE IF EXISTS `insectcontrol`;
/*!40101 SET @saved_cs_client     = @@character_set_client */;
/*!40101 SET character_set_client = utf8 */;
CREATE TABLE `insectcontrol` (
  `cid` int(11) NOT NULL AUTO_INCREMENT,
  `descr` varchar(200) DEFAULT NULL,
  `uploadImage` varchar(1000) DEFAULT NULL,
  `username` varchar(45) DEFAULT NULL,
  `uploadtime` varchar(45) DEFAULT NULL,
  `insectImage` varchar(200) DEFAULT NULL,
  `info` varchar(200) DEFAULT NULL,
  `harm` varchar(200) DEFAULT NULL,
  `counterplan` varchar(200) DEFAULT NULL,
  `solvetime` varchar(45) DEFAULT NULL,
  `status` int(11) DEFAULT '0',
  PRIMARY KEY (`cid`),
  KEY `insectcontrol_user_username_idx` (`username`),
  CONSTRAINT `insectcontrol_user_username` FOREIGN KEY (`username`) REFERENCES `user` (`username`) ON DELETE NO ACTION ON UPDATE NO ACTION
) ENGINE=InnoDB DEFAULT CHARSET=utf8;
/*!40101 SET character_set_client = @saved_cs_client */;

--
-- Dumping data for table `insectcontrol`
--

LOCK TABLES `insectcontrol` WRITE;
/*!40000 ALTER TABLE `insectcontrol` DISABLE KEYS */;
/*!40000 ALTER TABLE `insectcontrol` ENABLE KEYS */;
UNLOCK TABLES;

--
-- Table structure for table `machine`
--

DROP TABLE IF EXISTS `machine`;
/*!40101 SET @saved_cs_client     = @@character_set_client */;
/*!40101 SET character_set_client = utf8 */;
CREATE TABLE `machine` (
  `machineId` int(11) NOT NULL AUTO_INCREMENT,
  `plate` varchar(45) NOT NULL,
  `type` varchar(45) DEFAULT NULL,
  `brand` varchar(45) DEFAULT NULL,
  `horsepower` varchar(45) DEFAULT NULL,
  `overdate` date DEFAULT NULL,
  `picture` varchar(200) DEFAULT NULL,
  `ownerId` int(11) NOT NULL,
  `state` int(11) DEFAULT NULL,
  `workstate` int(11) DEFAULT NULL,
  `valid` int(11) DEFAULT '1',
  PRIMARY KEY (`machineId`),
  UNIQUE KEY `plate_UNIQUE` (`plate`),
  KEY `ownerId_idx` (`ownerId`),
  CONSTRAINT `machine_owner` FOREIGN KEY (`ownerId`) REFERENCES `machineowner` (`ownerId`) ON DELETE NO ACTION ON UPDATE NO ACTION
) ENGINE=InnoDB AUTO_INCREMENT=10027 DEFAULT CHARSET=utf8;
/*!40101 SET character_set_client = @saved_cs_client */;

--
-- Dumping data for table `machine`
--

LOCK TABLES `machine` WRITE;
/*!40000 ALTER TABLE `machine` DISABLE KEYS */;
INSERT INTO `machine` VALUES (10001,'x0001','耕种机械','东风','1000','2020-12-31','../HN_upload\\imgupload/5ji.jpg,../HN_upload\\imgupload/5ji2.jpg,../HN_upload\\imgupload/5ji3.jpg,',10002,1,1,1),(10002,'x0002','耕种机械','东风','200','2020-12-30','../HN_upload\\imgupload/2ji.jpg',10002,1,0,1),(10003,'x0003','收获机械','东风','100','2020-12-31','../HN_upload\\imgupload/5ji.jpg',10003,1,0,1),(10004,'x0004','耕种机械','东风','100','2020-12-31','../HN_upload\\imgupload/2ji.jpg',10004,1,0,1),(10005,'x0005','排灌机械','东风','100','2020-12-31','../HN_upload\\imgupload/4ji.jpg',10005,1,1,1),(10006,'x0006','动力传送机械','东风','100','2020-12-31','../HN_upload\\imgupload/1ji.jpg',10006,1,0,1),(10007,'x0007','种植施肥机械','东风 ','100','2020-12-31','../HN_upload\\imgupload/8ji.jpg',10007,1,0,1),(10008,'x0008','种植施肥机械','东风','100','2020-12-31','../HN_upload\\imgupload/8ji.jpg',10008,1,0,1),(10009,'x0009','植保机械','东风','100','2020-12-31','../HN_upload\\imgupload/7ji.jpg',10009,1,0,1),(10010,'x0010','收获机械','东风','100','2020-12-31','../HN_upload\\imgupload/5ji.jpg',10010,1,0,1),(10011,'x0011','收获机械','东风','100','2020-12-31','../HN_upload\\imgupload/5ji.jpg',10011,1,0,1),(10012,'x0012','收获机械','东风','100','2020-12-31','../HN_upload\\imgupload/5ji.jpg',10012,1,0,1),(10013,'x0013','动力传送机械','东风','100','2020-12-31','../HN_upload\\imgupload/1ji.jpg',10013,1,0,1),(10014,'x0014','动力传送机械','东风','100','2020-12-31','../HN_upload\\imgupload/1ji.jpg',10014,1,0,1),(10015,'x0015','排灌机械','东风','100','2020-12-31','../HN_upload\\imgupload/4ji.jpg',10015,1,0,1),(10016,'x0016','植保机械','东风','100','2020-12-31','../HN_upload\\imgupload/7ji.jpg',10016,1,0,1),(10017,'x0017','粮油机械','东风','100','2020-12-31','../HN_upload\\imgupload/9ji.jpg',10017,1,0,1),(10018,'x0018','果蔬机械','东风','100','2020-12-31','../HN_upload\\imgupload/3ji.jpg',10018,1,0,1),(10019,'x0019','饲料机械','东风','100','2020-12-31','../HN_upload\\imgupload/6ji.jpg',10019,1,0,1),(10020,'x0020','收获机械','东风','200','2016-10-10','../HN_upload/imgupload/1483452499203_2958.jpg',10001,1,0,1),(10021,'x0021','收获机械','东风','200','2017-10-01','../HN_upload/imgupload/1483452587710_7668.jpg,../HN_upload/imgupload/1483452587712_9177.jpg',10001,1,0,1),(10022,'x101010','植保机械','东风','1000','2020-10-10','../HN_upload/imgupload/1483628901562_1868.jpg,../HN_upload/imgupload/1483628901565_6176.jpg',10002,1,0,1),(10023,'x1010210','耕种机械','东风','100','2020-10-10','../HN_upload/imgupload/1483629143524_6073.jpg',10001,1,0,1),(10024,'x10101012','耕种机械','东风','200','2020-10-10','../HN_upload/imgupload/1483629362067_4215.jpg',10002,1,0,1),(10025,'x2020','收获机械','东风','1000','2020-10-10','../HN_upload/imgupload/1483629481909_9215.jpg',10003,1,0,1),(10026,'','耕种机械','','',NULL,NULL,10002,1,0,0);
/*!40000 ALTER TABLE `machine` ENABLE KEYS */;
UNLOCK TABLES;

--
-- Table structure for table `machineowner`
--

DROP TABLE IF EXISTS `machineowner`;
/*!40101 SET @saved_cs_client     = @@character_set_client */;
/*!40101 SET character_set_client = utf8 */;
CREATE TABLE `machineowner` (
  `ownerId` int(11) NOT NULL AUTO_INCREMENT,
  `name` varchar(45) NOT NULL,
  `sex` varchar(2) NOT NULL,
  `birthday` date DEFAULT NULL,
  `phone` varchar(45) NOT NULL,
  `address` varchar(200) NOT NULL,
  `centerId` int(11) NOT NULL,
  `valid` int(11) DEFAULT '1',
  PRIMARY KEY (`ownerId`),
  KEY `fk_owner_center_centerid_idx` (`centerId`),
  CONSTRAINT `fk_owner_center_centerid` FOREIGN KEY (`centerId`) REFERENCES `center` (`centerId`) ON DELETE NO ACTION ON UPDATE NO ACTION
) ENGINE=InnoDB AUTO_INCREMENT=10044 DEFAULT CHARSET=utf8;
/*!40101 SET character_set_client = @saved_cs_client */;

--
-- Dumping data for table `machineowner`
--

LOCK TABLES `machineowner` WRITE;
/*!40000 ALTER TABLE `machineowner` DISABLE KEYS */;
INSERT INTO `machineowner` VALUES (10001,'刘文道','男','1971-08-15','15570950077','衡阳市先锋路107号',10001,1),(10002,'石普唱','男','1969-05-09','15570951200','衡阳市船山西路59号',10001,1),(10003,'张总建','男','1976-12-10','15570950099','衡阳市雁峰区岳屏镇兴隆村(近汽车检测站前500米)',10001,1),(10004,'温贵龙','男','1975-03-05','15570950049','衡阳市蒸湘西外环路日鑫建材市场旁',10001,1),(10005,'李开云','男','1976-05-06','15575612898','衡阳市立新开发区家福路',10001,1),(10006,'赖金威','男','1969-04-09','15570950100','衡阳市华新开发区华新大道1号',10001,1),(10007,'杨下亮','男','1979-08-23','15570950200','衡阳市石鼓蒸湘北路永兴家居广场旁原迅',10001,1),(10008,'周晓东','男','1966-12-11','15570958892','衡阳市蒸湘区红湘南路石坳路57号',10001,1),(10009,'杨魁梧','男','1963-06-08','15570951289','衡阳市白沙洲变压器村',10001,1),(10010,'王豪贸','男','1966-06-11','15570985689','衡阳市解放西路71号解放路立交桥',10001,1),(10011,'刘唱','男','1968-12-01','15579030012','衡阳市机场西路与粤新路交汇处附近',10001,1),(10012,'赵小刚','男','1969-10-23','15570952009','衡阳市解放西路71号解放路立交桥',10001,1),(10013,'刘力简','男','1968-08-07','155709588912','衡阳市凤凰中街1号附近',10001,1),(10014,'李林','男','1977-03-01','15570950025','衡阳市酃湖路工学院南大门正对面猎人渔庄二楼',10001,1),(10015,'张友刚','男','1981-12-08','15579560005','衡阳市蒸湘区南平路',10001,1),(10016,'杨土港','男','1978-06-23','15570950007','衡阳市石鼓区三板桥',10001,1),(10017,'刘华建','男','1980-08-23','17846560005','衡阳市红湘北路21号',10001,1),(10018,'黄名金','男','1976-06-23','15570950038','衡阳市珠晖珠晖区衡州大道与苗圃路交汇处,马路南侧',10001,1),(10019,'吴洲建','男','1970-09-15','15570950089','衡阳市石鼓区虎形山公园',10001,1),(10020,'Joe','男','1996-05-21','12678778765','湖南衡阳',10001,1),(10021,'Mary','女','1996-09-21','13545877789','衡阳',10001,1),(10022,'King','男','1996-05-08','11111111111','',10001,0),(10023,'八戒','男','1001-01-01','2222222222','高老庄',10001,1),(10024,'悟空','男','1996-07-09','12456767787','花果山',10001,0),(10025,'啊啊','',NULL,'','',10001,0),(10026,'啊啊','',NULL,'','',10001,0),(10027,'kkk','男','1111-11-11','','',10001,0),(10028,'没机会股份','',NULL,'','',10001,0),(10029,'晚饭过后','',NULL,'','',10001,0),(10030,'发送的','',NULL,'','',10001,0),(10031,'分段是','',NULL,'','',10001,0),(10032,'fds ','',NULL,'','',10001,0),(10033,'分段是','',NULL,'','',10001,0),(10034,'分段是','',NULL,'','',10001,0),(10035,'个梵蒂冈','',NULL,'','',10001,0),(10036,'人头涌涌','',NULL,'','',10001,0),(10037,'梵蒂冈','',NULL,'','',10001,0),(10038,'hello','男',NULL,'','',10001,0),(10039,'kui','男','1998-09-09','12121212','换',10001,0),(10040,'吧唧的','男',NULL,'32','',10001,0),(10041,'回复速度快','女','1119-03-30','234','湖南',10001,0),(10042,'回复速度快','女','1996-05-21','234','湖南',10001,0),(10043,'','',NULL,'','',10001,0);
/*!40000 ALTER TABLE `machineowner` ENABLE KEYS */;
UNLOCK TABLES;

--
-- Table structure for table `order`
--

DROP TABLE IF EXISTS `order`;
/*!40101 SET @saved_cs_client     = @@character_set_client */;
/*!40101 SET character_set_client = utf8 */;
CREATE TABLE `order` (
  `orderId` varchar(20) NOT NULL,
  `traderId` int(11) NOT NULL,
  `date` date DEFAULT NULL,
  `totalPrice` double DEFAULT NULL,
  PRIMARY KEY (`orderId`),
  KEY `traderId_idx` (`traderId`),
  CONSTRAINT `order_trader_id` FOREIGN KEY (`traderId`) REFERENCES `trader` (`traderId`) ON DELETE NO ACTION ON UPDATE NO ACTION
) ENGINE=InnoDB DEFAULT CHARSET=utf8;
/*!40101 SET character_set_client = @saved_cs_client */;

--
-- Dumping data for table `order`
--

LOCK TABLES `order` WRITE;
/*!40000 ALTER TABLE `order` DISABLE KEYS */;
/*!40000 ALTER TABLE `order` ENABLE KEYS */;
UNLOCK TABLES;

--
-- Table structure for table `orderitem`
--

DROP TABLE IF EXISTS `orderitem`;
/*!40101 SET @saved_cs_client     = @@character_set_client */;
/*!40101 SET character_set_client = utf8 */;
CREATE TABLE `orderitem` (
  `itemId` int(11) NOT NULL AUTO_INCREMENT,
  `resourceId` int(11) NOT NULL,
  `count` int(11) DEFAULT NULL,
  `totalPrice` double DEFAULT NULL,
  `orderId` varchar(20) NOT NULL,
  PRIMARY KEY (`itemId`),
  KEY `resourceId_idx` (`resourceId`),
  KEY `orderId_idx` (`orderId`),
  CONSTRAINT `item_order_id` FOREIGN KEY (`orderId`) REFERENCES `order` (`orderId`) ON DELETE NO ACTION ON UPDATE NO ACTION,
  CONSTRAINT `item_resource_id` FOREIGN KEY (`resourceId`) REFERENCES `resource` (`resourceId`) ON DELETE NO ACTION ON UPDATE NO ACTION
) ENGINE=InnoDB DEFAULT CHARSET=utf8;
/*!40101 SET character_set_client = @saved_cs_client */;

--
-- Dumping data for table `orderitem`
--

LOCK TABLES `orderitem` WRITE;
/*!40000 ALTER TABLE `orderitem` DISABLE KEYS */;
/*!40000 ALTER TABLE `orderitem` ENABLE KEYS */;
UNLOCK TABLES;

--
-- Table structure for table `pestlib`
--

DROP TABLE IF EXISTS `pestlib`;
/*!40101 SET @saved_cs_client     = @@character_set_client */;
/*!40101 SET character_set_client = utf8 */;
CREATE TABLE `pestlib` (
  `pestId` int(11) NOT NULL AUTO_INCREMENT,
  `pestname` varchar(45) DEFAULT NULL,
  `branch` varchar(45) DEFAULT NULL,
  `info` varchar(1000) DEFAULT NULL,
  `method` varchar(1000) DEFAULT NULL,
  `pic` varchar(200) DEFAULT NULL,
  PRIMARY KEY (`pestId`)
) ENGINE=InnoDB AUTO_INCREMENT=10014 DEFAULT CHARSET=utf8;
/*!40101 SET character_set_client = @saved_cs_client */;

--
-- Dumping data for table `pestlib`
--

LOCK TABLES `pestlib` WRITE;
/*!40000 ALTER TABLE `pestlib` DISABLE KEYS */;
INSERT INTO `pestlib` VALUES (10001,'稻飞虱','飞虱科','稻飞虱，昆虫纲同翅目(Homoptera)飞虱科(Delphacidae)害虫。俗名蠓子虫。以刺吸植株汁液危害水稻等作物。常见种类有褐飞虱（Nilaparvata lugens）、白背飞虱(Sogatella furcifera)和灰飞虱(Laodelphax striatellus)。','使用敌敌畏','../HN_upload\\pestlib/稻飞虱.jpeg'),(10002,'水稻螟虫','螟蛾科','水稻螟虫俗称钻心虫，其中普遍发生较严重的主要是二化螟和三化螟，还有稻苞虫、大螟等。二化螟除为害水稻外还为害玉米、小麦等禾本科作物，三化螟为单食性害虫，只为害水稻。','注射农药','../HN_upload\\pestlib/水稻螟虫.jpg'),(10003,'白粉虱',NULL,NULL,NULL,'../HN_upload\\pestlib/白粉虱.jpeg'),(10004,'介壳虫',NULL,NULL,NULL,'../HN_upload\\pestlib/介壳虫.jpg'),(10005,'蚜虫',NULL,NULL,NULL,'../HN_upload\\pestlib/蚜虫.jpg'),(10006,'棉红蜘蛛',NULL,NULL,NULL,'../HN_upload\\pestlib/棉红蜘蛛.jpg'),(10007,'卷叶蛾',NULL,NULL,NULL,'../HN_upload\\pestlib/卷叶蛾.jpg'),(10008,'地老虎',NULL,NULL,NULL,'../HN_upload\\pestlib/地老虎.jpeg'),(10009,'蓟马',NULL,NULL,NULL,'../HN_upload\\pestlib/蓟马.jpg'),(10010,'水稻赤斑黑沫蝉',NULL,NULL,NULL,'../HN_upload\\pestlib/水稻赤斑黑沫蝉.jpeg'),(10011,'天牛',NULL,NULL,NULL,'../HN_upload\\pestlib/天牛.jpeg'),(10012,'烟青虫',NULL,NULL,NULL,'../HN_upload\\pestlib/烟青虫.jpg'),(10013,'吊丝虫',NULL,NULL,NULL,'../HN_upload\\pestlib/吊丝虫.jpeg');
/*!40000 ALTER TABLE `pestlib` ENABLE KEYS */;
UNLOCK TABLES;

--
-- Table structure for table `pestquestion`
--

DROP TABLE IF EXISTS `pestquestion`;
/*!40101 SET @saved_cs_client     = @@character_set_client */;
/*!40101 SET character_set_client = utf8 */;
CREATE TABLE `pestquestion` (
  `qid` int(11) NOT NULL AUTO_INCREMENT,
  `username` varchar(45) DEFAULT NULL,
  `uploadPic` varchar(200) DEFAULT NULL,
  `descr` varchar(200) DEFAULT NULL,
  `pestId` int(11) DEFAULT NULL,
  `utime` varchar(45) DEFAULT NULL,
  `atime` varchar(45) DEFAULT NULL,
  `status` int(11) DEFAULT NULL,
  PRIMARY KEY (`qid`),
  KEY `pestquestion_user_username_idx` (`username`),
  KEY `pestquestion_pestlib_pid_idx` (`pestId`),
  CONSTRAINT `pestquestion_pestlib_pid` FOREIGN KEY (`pestId`) REFERENCES `pestlib` (`pestId`) ON DELETE NO ACTION ON UPDATE NO ACTION,
  CONSTRAINT `pestquestion_user_username` FOREIGN KEY (`username`) REFERENCES `user` (`username`) ON DELETE NO ACTION ON UPDATE NO ACTION
) ENGINE=InnoDB AUTO_INCREMENT=10009 DEFAULT CHARSET=utf8;
/*!40101 SET character_set_client = @saved_cs_client */;

--
-- Dumping data for table `pestquestion`
--

LOCK TABLES `pestquestion` WRITE;
/*!40000 ALTER TABLE `pestquestion` DISABLE KEYS */;
INSERT INTO `pestquestion` VALUES (10001,'cao123','../HN_upload\\pestlib/稻飞虱.jpeg','我家稻谷长图片上这种虫子了，怎么办？',10001,NULL,NULL,0),(10002,'guo123','../HN_upload\\pestlib/水稻螟虫.jpg','我家稻谷被这种虫子入侵，怎么办？',10002,NULL,NULL,0),(10003,NULL,'../HN_upload/imgupload/1480338679615_7621.jpg',NULL,NULL,'2016-11-28',NULL,0),(10004,NULL,'../HN_upload/imgupload/1480382837708_4101.jpg',NULL,NULL,'2016-11-29',NULL,0),(10005,NULL,'../HN_upload/imgupload/1480383587164_8211.png','？？？？？辽',NULL,'2016-11-29',NULL,0),(10006,NULL,'../HN_upload/imgupload/1480383864725_8053.jpg',NULL,NULL,'2016-11-29',NULL,0),(10007,NULL,'../HN_upload/imgupload/1480384389072_6421.jpg',NULL,NULL,'2016-11-29',NULL,0),(10008,NULL,'../HN_upload/imgupload/1480384391884_3963.jpg',NULL,NULL,'2016-11-29',NULL,0);
/*!40000 ALTER TABLE `pestquestion` ENABLE KEYS */;
UNLOCK TABLES;

--
-- Table structure for table `pestzone`
--

DROP TABLE IF EXISTS `pestzone`;
/*!40101 SET @saved_cs_client     = @@character_set_client */;
/*!40101 SET character_set_client = utf8 */;
CREATE TABLE `pestzone` (
  `pzid` int(11) NOT NULL AUTO_INCREMENT,
  `zondId` int(11) DEFAULT NULL,
  `degree` varchar(45) DEFAULT NULL,
  `ptype` varchar(45) DEFAULT NULL,
  `itype` varchar(45) DEFAULT NULL,
  `time` varchar(45) DEFAULT NULL,
  `status` int(11) DEFAULT NULL,
  PRIMARY KEY (`pzid`),
  KEY `pestzone_zone_zoneId_idx` (`zondId`),
  CONSTRAINT `pestzone_zone_zoneId` FOREIGN KEY (`zondId`) REFERENCES `zone` (`zoneId`) ON DELETE NO ACTION ON UPDATE NO ACTION
) ENGINE=InnoDB AUTO_INCREMENT=10006 DEFAULT CHARSET=utf8;
/*!40101 SET character_set_client = @saved_cs_client */;

--
-- Dumping data for table `pestzone`
--

LOCK TABLES `pestzone` WRITE;
/*!40000 ALTER TABLE `pestzone` DISABLE KEYS */;
INSERT INTO `pestzone` VALUES (10001,10001,'3','1','0','2016-09-01',0),(10002,10001,'2','0','2','2016-09-01',0),(10003,10001,'3','1','1','2016-09-01',0),(10004,10002,'1','13','0','2016-09-01',0),(10005,10002,'1','14','0','2016-09-01',0);
/*!40000 ALTER TABLE `pestzone` ENABLE KEYS */;
UNLOCK TABLES;

--
-- Table structure for table `resource`
--

DROP TABLE IF EXISTS `resource`;
/*!40101 SET @saved_cs_client     = @@character_set_client */;
/*!40101 SET character_set_client = utf8 */;
CREATE TABLE `resource` (
  `resourceId` int(11) NOT NULL AUTO_INCREMENT,
  `type` varchar(45) DEFAULT NULL,
  `name` varchar(45) DEFAULT NULL,
  `price` double DEFAULT NULL,
  `function` varchar(200) DEFAULT NULL,
  PRIMARY KEY (`resourceId`)
) ENGINE=InnoDB DEFAULT CHARSET=utf8;
/*!40101 SET character_set_client = @saved_cs_client */;

--
-- Dumping data for table `resource`
--

LOCK TABLES `resource` WRITE;
/*!40000 ALTER TABLE `resource` DISABLE KEYS */;
/*!40000 ALTER TABLE `resource` ENABLE KEYS */;
UNLOCK TABLES;

--
-- Table structure for table `servicestation`
--

DROP TABLE IF EXISTS `servicestation`;
/*!40101 SET @saved_cs_client     = @@character_set_client */;
/*!40101 SET character_set_client = utf8 */;
CREATE TABLE `servicestation` (
  `sid` int(11) NOT NULL AUTO_INCREMENT,
  `longitude` double DEFAULT NULL,
  `latitude` double DEFAULT NULL,
  `spname` varchar(45) DEFAULT NULL,
  `sptel` varchar(45) DEFAULT NULL,
  PRIMARY KEY (`sid`)
) ENGINE=InnoDB AUTO_INCREMENT=10005 DEFAULT CHARSET=utf8;
/*!40101 SET character_set_client = @saved_cs_client */;

--
-- Dumping data for table `servicestation`
--

LOCK TABLES `servicestation` WRITE;
/*!40000 ALTER TABLE `servicestation` DISABLE KEYS */;
INSERT INTO `servicestation` VALUES (10001,112.685672,26.905162,'伍长福','15779061126'),(10002,112.588282,26.940261,'段喜来','15570951212'),(10003,112.626781,26.854723,'李开来','15570985486'),(10004,112.675721,26.912273,'刘银斌','15570950099');
/*!40000 ALTER TABLE `servicestation` ENABLE KEYS */;
UNLOCK TABLES;

--
-- Table structure for table `systeminfo`
--

DROP TABLE IF EXISTS `systeminfo`;
/*!40101 SET @saved_cs_client     = @@character_set_client */;
/*!40101 SET character_set_client = utf8 */;
CREATE TABLE `systeminfo` (
  `sid` int(11) NOT NULL AUTO_INCREMENT,
  `title` varchar(45) DEFAULT NULL,
  `content` varchar(200) DEFAULT NULL,
  PRIMARY KEY (`sid`)
) ENGINE=InnoDB DEFAULT CHARSET=utf8;
/*!40101 SET character_set_client = @saved_cs_client */;

--
-- Dumping data for table `systeminfo`
--

LOCK TABLES `systeminfo` WRITE;
/*!40000 ALTER TABLE `systeminfo` DISABLE KEYS */;
/*!40000 ALTER TABLE `systeminfo` ENABLE KEYS */;
UNLOCK TABLES;

--
-- Table structure for table `task`
--

DROP TABLE IF EXISTS `task`;
/*!40101 SET @saved_cs_client     = @@character_set_client */;
/*!40101 SET character_set_client = utf8 */;
CREATE TABLE `task` (
  `taskId` int(11) NOT NULL AUTO_INCREMENT,
  `username` varchar(45) NOT NULL,
  `farmlandId` int(11) NOT NULL,
  `workload` int(11) DEFAULT NULL,
  `machineId` int(11) NOT NULL,
  `publishdate` date DEFAULT NULL,
  `workdate` date DEFAULT NULL,
  `finishdate` date DEFAULT NULL,
  `type` varchar(45) DEFAULT NULL,
  `finished` int(11) DEFAULT '0',
  `descr` varchar(1000) DEFAULT NULL,
  `centerId` int(11) DEFAULT NULL,
  PRIMARY KEY (`taskId`),
  KEY `userName_idx` (`username`),
  KEY `farmlandId_idx` (`farmlandId`),
  KEY `machineId_idx` (`machineId`),
  KEY `task_center_centerId_idx` (`centerId`),
  CONSTRAINT `task_center_centerId` FOREIGN KEY (`centerId`) REFERENCES `center` (`centerId`) ON DELETE NO ACTION ON UPDATE NO ACTION,
  CONSTRAINT `task_framland_id` FOREIGN KEY (`farmlandId`) REFERENCES `farmland` (`farmlandId`) ON DELETE NO ACTION ON UPDATE NO ACTION,
  CONSTRAINT `task_machine_id` FOREIGN KEY (`machineId`) REFERENCES `machine` (`machineId`) ON DELETE NO ACTION ON UPDATE NO ACTION,
  CONSTRAINT `task_user_username` FOREIGN KEY (`username`) REFERENCES `user` (`username`) ON DELETE NO ACTION ON UPDATE NO ACTION
) ENGINE=InnoDB AUTO_INCREMENT=45 DEFAULT CHARSET=utf8;
/*!40101 SET character_set_client = @saved_cs_client */;

--
-- Dumping data for table `task`
--

LOCK TABLES `task` WRITE;
/*!40000 ALTER TABLE `task` DISABLE KEYS */;
INSERT INTO `task` VALUES (1,'dao123',10018,2,10001,'2016-11-13','2016-10-01',NULL,'收获稻谷',1,'收获稻谷',10001),(2,'chang123',10002,100,10001,'2016-11-17','2016-11-30',NULL,'收割',1,'今天完成',10001),(3,'chang123',10002,100,10001,'2016-11-17','2016-11-30',NULL,'收割',1,'今天完成',10001),(4,'chang123',10002,100,10001,'2016-11-17','2016-11-30',NULL,'收割',1,'今天完成',10001),(5,'chang123',10002,100,10001,'2016-11-17','2016-11-30',NULL,'收割',1,'今天完成',10001),(6,'chang123',10002,100,10001,'2016-11-17','2016-11-30',NULL,'收割',1,'今天完成',10001),(7,'chang123',10002,100,10001,'2016-11-17','2016-11-30',NULL,'收割',0,'今天完成',10001),(8,'chang123',10002,100,10001,'2016-11-17','2016-11-30',NULL,'收割',0,'今天完成',10001),(9,'chang123',10002,100,10001,'2016-11-17','2016-11-30',NULL,'收割',0,'今天完成',10001),(10,'chang123',10002,100,10001,'2016-11-17','2016-11-30',NULL,'收割',0,'今天完成',10001),(11,'chang123',10002,100,10001,'2016-11-17','2016-11-30',NULL,'收割',0,'今天完成',10001),(12,'chang123',10002,100,10001,'2016-11-17','2016-11-30',NULL,'收割',0,'今天完成',10001),(13,'chang123',10002,100,10001,'2016-11-17','2016-11-30',NULL,'收割',0,'今天完成',10001),(14,'chang123',10002,100,10001,'2016-11-17','2016-11-30',NULL,'收割',0,'今天完成',10001),(15,'chang123',10002,100,10001,'2016-11-17','2016-11-30',NULL,'收割',0,'今天完成',10001),(16,'chang123',10002,100,10001,'2016-11-17','2016-11-30',NULL,'收割',0,'今天完成',10001),(17,'chang123',10002,100,10001,'2016-11-17','2016-11-30',NULL,'收割',0,'今天完成',10001),(18,'chang123',10002,100,10001,'2016-11-17','2016-11-30',NULL,'收割',0,'今天完成',10001),(19,'chang123',10002,100,10001,'2016-11-17','2016-11-30',NULL,'收割',0,'今天完成',10001),(20,'chang123',10002,100,10001,'2016-11-17','2016-11-30',NULL,'收割',0,'今天完成',10001),(21,'chang123',10002,100,10001,'2016-11-17','2016-11-30',NULL,'收割',0,'今天完成',10001),(22,'chang123',10002,100,10001,'2016-11-17','2016-11-30',NULL,'收割',0,'今天完成',10001),(23,'chang123',10002,100,10001,'2016-11-17','2016-11-30',NULL,'收割',0,'今天完成',10001),(24,'chang123',10002,100,10001,'2016-11-17','2016-11-30',NULL,'收割',0,'',10001),(25,'chang123',10002,100,10001,'2016-11-17','2016-11-30',NULL,'收割',0,'',10001),(26,'chang123',10002,100,10001,'2016-11-17','2016-11-30',NULL,'收割',0,'',10001),(27,'chang123',10002,100,10001,'2016-11-17','2016-11-30',NULL,'收割',0,'',10001),(28,'chang123',10040,100,10001,'2016-11-23','2016-11-30',NULL,'收割',0,'今日完成',10001),(29,'chang123',10041,100,10001,'2016-11-23','2016-11-30',NULL,'收割',0,'今日完成',10001),(30,'chang123',10041,100,10001,'2016-11-23','2016-11-30',NULL,'收割',0,'今日完成',10001),(31,'chang123',10041,100,10001,'2016-11-23','2016-11-30',NULL,'收割',0,'今日完成',10001),(32,'chang123',10041,100,10001,'2016-11-23','2016-11-30',NULL,'收割',0,'今日完成',10001),(33,'chang123',10041,100,10001,'2016-11-23','2016-11-30',NULL,'收割',0,'今日完成',10001),(34,'chang123',10041,100,10001,'2016-11-23','2016-11-30',NULL,'收割',0,'今日完成',10001),(35,'chang123',10041,100,10001,'2016-11-23','2016-11-30',NULL,'收割',0,'今日完成',10001),(36,'chang123',10041,100,10001,'2016-11-23','2016-11-30',NULL,'收割',0,'今日完成',10001),(37,'chang123',10041,100,10001,'2016-11-23','2016-11-30',NULL,'收割',0,'今日完成',10001),(38,'chang123',10041,100,10001,'2016-11-23','2016-11-30',NULL,'收割',0,'今日完成',10001),(39,'chang123',10041,100,10001,'2016-11-23','2016-11-30',NULL,'收割',0,'今日完成',10001),(40,'chang123',10041,100,10001,'2016-11-23','2016-11-30',NULL,'收割',0,'你好',10001),(41,'chang123',10041,100,10001,'2016-11-23','2016-11-30',NULL,'收割',0,'你好',10001),(42,'xing123',10017,50,10001,'2016-11-29','2016-12-01',NULL,'收割',0,'；；；；；',10001),(43,'chang123',10097,NULL,10001,'2017-01-07','2017-01-20',NULL,NULL,0,'test',10001),(44,'dao123',10057,NULL,10005,'2017-01-07',NULL,NULL,NULL,0,'test2',10001);
/*!40000 ALTER TABLE `task` ENABLE KEYS */;
UNLOCK TABLES;

--
-- Table structure for table `trader`
--

DROP TABLE IF EXISTS `trader`;
/*!40101 SET @saved_cs_client     = @@character_set_client */;
/*!40101 SET character_set_client = utf8 */;
CREATE TABLE `trader` (
  `traderId` int(11) NOT NULL AUTO_INCREMENT,
  `phone` varchar(45) DEFAULT NULL,
  `name` varchar(45) DEFAULT NULL,
  `credit` varchar(45) DEFAULT NULL,
  `address` varchar(80) DEFAULT NULL,
  PRIMARY KEY (`traderId`)
) ENGINE=InnoDB DEFAULT CHARSET=utf8;
/*!40101 SET character_set_client = @saved_cs_client */;

--
-- Dumping data for table `trader`
--

LOCK TABLES `trader` WRITE;
/*!40000 ALTER TABLE `trader` DISABLE KEYS */;
/*!40000 ALTER TABLE `trader` ENABLE KEYS */;
UNLOCK TABLES;

--
-- Table structure for table `user`
--

DROP TABLE IF EXISTS `user`;
/*!40101 SET @saved_cs_client     = @@character_set_client */;
/*!40101 SET character_set_client = utf8 */;
CREATE TABLE `user` (
  `username` varchar(45) NOT NULL,
  `password` varchar(45) NOT NULL,
  `realname` varchar(45) NOT NULL,
  `sex` varchar(45) DEFAULT NULL,
  `birthday` date DEFAULT NULL,
  `phone` varchar(45) NOT NULL,
  `type` int(11) NOT NULL,
  `picture` varchar(200) DEFAULT NULL,
  `address` varchar(200) DEFAULT NULL,
  `credit` varchar(45) DEFAULT NULL,
  `centerId` int(11) NOT NULL,
  `valid` int(11) DEFAULT '1',
  `status` int(11) DEFAULT '0',
  PRIMARY KEY (`username`),
  KEY `fk_user_center_id_idx` (`centerId`),
  CONSTRAINT `fk_user_center_id` FOREIGN KEY (`centerId`) REFERENCES `center` (`centerId`) ON DELETE NO ACTION ON UPDATE NO ACTION
) ENGINE=InnoDB DEFAULT CHARSET=utf8;
/*!40101 SET character_set_client = @saved_cs_client */;

--
-- Dumping data for table `user`
--

LOCK TABLES `user` WRITE;
/*!40000 ALTER TABLE `user` DISABLE KEYS */;
INSERT INTO `user` VALUES ('an123','123456','孙建邦','男','1977-08-09','15570950015',0,'../HN_upload\\imgupload/1.jpeg','衡阳市雁峰区蒸湘南路山里味','89',10001,1,0),('bang123','123456','张安邦','男','1967-02-23','15570950013',0,'../HN_upload\\imgupload/2.jpeg','衡阳市雁峰区大塘角','89',10001,1,0),('cao123','123456','曹溪','男','1966-03-03','15570950006',0,'../HN_upload\\imgupload/3.jpeg','衡阳市石鼓区曹新屋','80',10001,1,0),('chang123','123456','刘唱','男','1968-12-02','15579030012',1,'','衡阳市机场西路与粤新路交汇处附近','100',10001,1,1),('dao123','123456','刘文道','男','1971-08-15','15570950077',1,NULL,'衡阳市先锋路107号','80',10001,1,1),('dong123','123456','周晓东','男','1966-12-11','15570958892',1,'','衡阳市蒸湘区红湘南路石坳路57号','95',10001,1,0),('down123','123456','廖春海','男','1969-06-06','15570957894',0,'../HN_upload\\imgupload/4.jpeg','衡阳市珠晖区上托村','98',10001,1,0),('gang123','123456','赵小刚','男','1969-10-23','15570952009',1,'','衡阳市解放西路71号解放路立交桥','100',10001,1,0),('guang123','123456','杨土港','男','1978-06-23','15570950007',1,NULL,'衡阳市石鼓区三板桥','90',10001,1,0),('gui123','123456','温贵龙','男','1975-03-05','15570950049',1,'','衡阳市蒸湘西外环路日鑫建材市场旁','89',10001,1,0),('guo123','123456','李建国','男','1979-10-01','15570950012',0,'../HN_upload\\imgupload/5.jpeg','衡阳市雁峰区蒸湘南路128号','89',10001,1,0),('hao123','123456','王豪贸',' 男','1966-06-11','15570985689',1,'','衡阳市解放西路71号解放路立交桥','95',10001,1,0),('hua123','123456','刘华建','男','1980-08-23','17846560005',1,NULL,'衡阳市红湘北路21号','95',10001,1,0),('jia123','123456','赵家明','男','1977-12-12','15570951234',0,'../HN_upload\\imgupload/6.jpeg','衡阳市珠晖区东家湾','89',10001,1,0),('jian123','123456','陈建国','男','1977-10-12','15579230011',0,'../HN_upload\\imgupload/7.jpeg','衡阳市雁峰区蒸湘南路五星村','80',10001,1,0),('jin123','123456','黄名金','男','1976-06-23','15570950038',1,'','衡阳市珠晖珠晖区衡州大道与苗圃路交汇处,马路南侧','98',10001,1,0),('jun123','123456','吴洲建','男','1970-09-15','15570950089',1,'','衡阳市石鼓区虎形山公园','99',10001,1,0),('lao123','123456','李六','男','1956-07-01','15570950002',0,'../HN_upload\\imgupload/8.jpeg','衡阳市石鼓区曹老屋','97',10001,1,0),('li123','123456','刘力简','男','1968-08-07','155709588912',1,'','衡阳市凤凰中街1号附近','100',10001,1,0),('liang123','123456','余亮','男','1969-03-05','15570950034',0,'../HN_upload\\imgupload/9.jpeg','衡阳市雁峰区高官塘','100',10001,1,0),('lianxi123','123456','习联品','男','1979-10-15','15570951234',0,'../HN_upload\\imgupload/10.jpeg','衡阳市雁峰区黄竹塘','98',10001,1,0),('lin123','123456','李林','男','1977-03-01','15570950025',1,'','衡阳市酃湖路工学院南大门正对面猎人渔庄二楼','100',10001,1,0),('ma123','123456','马道国','男','1969-10-15','15570950056',0,'../HN_upload\\imgupload/11.jpeg','衡阳市雁峰区李家塘','99',10001,1,0),('ming123','123456','李明','男','1978-12-01','15578941004',0,'../HN_upload\\imgupload/12.jpeg','衡阳市石鼓区一环西路','99',10001,1,0),('pan123','123456','赵家春','男','1979-03-16','15570951255',0,'../HN_upload\\imgupload/13.jpeg','衡阳市珠晖区大王庙','90',10001,1,0),('ping123','123456','李平安','男','1969-01-06','15570950078',0,'../HN_upload\\imgupload/14.jpeg','衡阳市雁峰区大塘角','100',10001,1,0),('qiang123','123456','王强','男','1966-10-15','15570950055',0,'../HN_upload\\imgupload/15.jpeg','衡阳市雁峰区奇峰村','100',10001,1,0),('shan123','123456','杨晓山','男','1963-08-08','15579061256',0,'../HN_upload\\imgupload/16.jpeg','衡阳市雁峰区唐家冲','99',10001,1,0),('shang123','123456','伍冰','男','1969-07-08','15570589635',0,'../HN_upload\\imgupload/17.jpeg','衡阳市珠晖区樟树坪','90',10001,1,0),('shi123','123456','石普唱','男','1969-05-09','15570951200',1,NULL,'衡阳市船山西路59号','90',10001,1,0),('sun123','123456','孙建安','男','1976-05-22','15579056001',0,'../HN_upload\\imgupload/18.jpeg','衡阳市雁峰区茅塘','90',10001,1,0),('wang123','123456','王五','男','1977-01-03','15570981003',0,'../HN_upload\\imgupload/19.jpeg','衡阳市石鼓区猫形山','80',10001,1,0),('wangjian123','123456','王建霖','男','1970-05-15','15570950046',0,'../HN_upload\\imgupload/20.jpeg','衡阳市雁峰区龙家湾','100',10001,1,0),('wei123','123456','赖金威','男','1969-04-09','15570950100',1,'','衡阳市华新开发区华新大道1号','91',10001,1,0),('wen123','123456','张文化','男','1977-07-06','15570950010',0,'../HN_upload\\imgupload/21.jpeg','衡阳市雁峰区李家村','99',10001,1,0),('wu123','123456','杨魁梧','男','1963-06-08','15570951289',1,'','衡阳市白沙洲变压器村','88',10001,1,0),('xia123','123456','杨下亮','男','1979-08-23','15570950200',1,'','衡阳市石鼓蒸湘北路永兴家居广场旁原迅','86',10001,1,0),('xiao123','123456','李四','男','1976-07-07','15570950001',0,'../HN_upload\\imgupload/22.jpeg','衡阳市石鼓区杨岭小学','98',10001,1,0),('xing123','123456','王星月','男','1979-04-26','15570950009',0,'../HN_upload\\imgupload/23.jpeg','衡阳市石鼓区王家冲','98',10001,1,0),('xue123','123456','张友刚','男','1981-12-08','15579560005',1,NULL,'衡阳市蒸湘区南平路','70',10001,1,0),('yuede123','123456','肖月德','男','1968-11-11','15570950008',0,'../HN_upload\\imgupload/24.jpeg','衡阳市石鼓区肖家冲','85',10001,1,0),('yun123','123456','李开云','男','1976-05-06','15575612898',1,'','衡阳市立新开发区家福路','90',10001,1,0),('zong123','123456','张总建','男','1976-12-10','15570950099',1,'','衡阳市雁峰区岳屏镇兴隆村(近汽车检测站前500米)','99',10001,1,0);
/*!40000 ALTER TABLE `user` ENABLE KEYS */;
UNLOCK TABLES;

--
-- Temporary table structure for view `v_farmer`
--

DROP TABLE IF EXISTS `v_farmer`;
/*!50001 DROP VIEW IF EXISTS `v_farmer`*/;
SET @saved_cs_client     = @@character_set_client;
SET character_set_client = utf8;
/*!50001 CREATE TABLE `v_farmer` (
  `username` tinyint NOT NULL,
  `password` tinyint NOT NULL,
  `realname` tinyint NOT NULL,
  `sex` tinyint NOT NULL,
  `birthday` tinyint NOT NULL,
  `phone` tinyint NOT NULL,
  `type` tinyint NOT NULL,
  `picture` tinyint NOT NULL,
  `address` tinyint NOT NULL,
  `credit` tinyint NOT NULL,
  `centerId` tinyint NOT NULL,
  `valid` tinyint NOT NULL,
  `status` tinyint NOT NULL
) ENGINE=MyISAM */;
SET character_set_client = @saved_cs_client;

--
-- Temporary table structure for view `v_machiner`
--

DROP TABLE IF EXISTS `v_machiner`;
/*!50001 DROP VIEW IF EXISTS `v_machiner`*/;
SET @saved_cs_client     = @@character_set_client;
SET character_set_client = utf8;
/*!50001 CREATE TABLE `v_machiner` (
  `username` tinyint NOT NULL,
  `password` tinyint NOT NULL,
  `realname` tinyint NOT NULL,
  `sex` tinyint NOT NULL,
  `birthday` tinyint NOT NULL,
  `phone` tinyint NOT NULL,
  `type` tinyint NOT NULL,
  `picture` tinyint NOT NULL,
  `address` tinyint NOT NULL,
  `credit` tinyint NOT NULL,
  `centerId` tinyint NOT NULL,
  `valid` tinyint NOT NULL,
  `status` tinyint NOT NULL
) ENGINE=MyISAM */;
SET character_set_client = @saved_cs_client;

--
-- Table structure for table `zone`
--

DROP TABLE IF EXISTS `zone`;
/*!40101 SET @saved_cs_client     = @@character_set_client */;
/*!40101 SET character_set_client = utf8 */;
CREATE TABLE `zone` (
  `zoneId` int(11) NOT NULL AUTO_INCREMENT,
  `zonename` varchar(45) NOT NULL,
  `area` double DEFAULT NULL,
  `type` varchar(45) DEFAULT NULL,
  `address` varchar(200) DEFAULT NULL,
  `centerId` int(11) NOT NULL,
  `valid` int(11) DEFAULT '1',
  PRIMARY KEY (`zoneId`),
  UNIQUE KEY `zonename_UNIQUE` (`zonename`),
  KEY `centreId_idx` (`centerId`),
  CONSTRAINT `zone_center_Id` FOREIGN KEY (`centerId`) REFERENCES `center` (`centerId`) ON DELETE NO ACTION ON UPDATE NO ACTION
) ENGINE=InnoDB AUTO_INCREMENT=10006 DEFAULT CHARSET=utf8;
/*!40101 SET character_set_client = @saved_cs_client */;

--
-- Dumping data for table `zone`
--

LOCK TABLES `zone` WRITE;
/*!40000 ALTER TABLE `zone` DISABLE KEYS */;
INSERT INTO `zone` VALUES (10001,'A',5000,'水稻','衡阳市石鼓区猫形山',10001,1),(10002,'B',5000,'玉米','湖南省衡阳市雁峰区蒸湘南路五星村',10001,1),(10003,'C',4000,'水稻','衡阳市珠晖区刘老屋',10001,1),(10004,'D',5000,'小麦','衡阳市珠晖区陈家町',10001,1),(10005,'E',3000,'水稻','衡阳',10001,1);
/*!40000 ALTER TABLE `zone` ENABLE KEYS */;
UNLOCK TABLES;

--
-- Final view structure for view `v_farmer`
--

/*!50001 DROP TABLE IF EXISTS `v_farmer`*/;
/*!50001 DROP VIEW IF EXISTS `v_farmer`*/;
/*!50001 SET @saved_cs_client          = @@character_set_client */;
/*!50001 SET @saved_cs_results         = @@character_set_results */;
/*!50001 SET @saved_col_connection     = @@collation_connection */;
/*!50001 SET character_set_client      = utf8 */;
/*!50001 SET character_set_results     = utf8 */;
/*!50001 SET collation_connection      = utf8_general_ci */;
/*!50001 CREATE ALGORITHM=UNDEFINED */
/*!50013 DEFINER=`root`@`localhost` SQL SECURITY DEFINER */
/*!50001 VIEW `v_farmer` AS select `user`.`username` AS `username`,`user`.`password` AS `password`,`user`.`realname` AS `realname`,`user`.`sex` AS `sex`,`user`.`birthday` AS `birthday`,`user`.`phone` AS `phone`,`user`.`type` AS `type`,`user`.`picture` AS `picture`,`user`.`address` AS `address`,`user`.`credit` AS `credit`,`user`.`centerId` AS `centerId`,`user`.`valid` AS `valid`,`user`.`status` AS `status` from `user` where (`user`.`type` = 0) */;
/*!50001 SET character_set_client      = @saved_cs_client */;
/*!50001 SET character_set_results     = @saved_cs_results */;
/*!50001 SET collation_connection      = @saved_col_connection */;

--
-- Final view structure for view `v_machiner`
--

/*!50001 DROP TABLE IF EXISTS `v_machiner`*/;
/*!50001 DROP VIEW IF EXISTS `v_machiner`*/;
/*!50001 SET @saved_cs_client          = @@character_set_client */;
/*!50001 SET @saved_cs_results         = @@character_set_results */;
/*!50001 SET @saved_col_connection     = @@collation_connection */;
/*!50001 SET character_set_client      = utf8 */;
/*!50001 SET character_set_results     = utf8 */;
/*!50001 SET collation_connection      = utf8_general_ci */;
/*!50001 CREATE ALGORITHM=UNDEFINED */
/*!50013 DEFINER=`root`@`localhost` SQL SECURITY DEFINER */
/*!50001 VIEW `v_machiner` AS select `user`.`username` AS `username`,`user`.`password` AS `password`,`user`.`realname` AS `realname`,`user`.`sex` AS `sex`,`user`.`birthday` AS `birthday`,`user`.`phone` AS `phone`,`user`.`type` AS `type`,`user`.`picture` AS `picture`,`user`.`address` AS `address`,`user`.`credit` AS `credit`,`user`.`centerId` AS `centerId`,`user`.`valid` AS `valid`,`user`.`status` AS `status` from `user` where (`user`.`type` = 1) */;
/*!50001 SET character_set_client      = @saved_cs_client */;
/*!50001 SET character_set_results     = @saved_cs_results */;
/*!50001 SET collation_connection      = @saved_col_connection */;
/*!40103 SET TIME_ZONE=@OLD_TIME_ZONE */;

/*!40101 SET SQL_MODE=@OLD_SQL_MODE */;
/*!40014 SET FOREIGN_KEY_CHECKS=@OLD_FOREIGN_KEY_CHECKS */;
/*!40014 SET UNIQUE_CHECKS=@OLD_UNIQUE_CHECKS */;
/*!40101 SET CHARACTER_SET_CLIENT=@OLD_CHARACTER_SET_CLIENT */;
/*!40101 SET CHARACTER_SET_RESULTS=@OLD_CHARACTER_SET_RESULTS */;
/*!40101 SET COLLATION_CONNECTION=@OLD_COLLATION_CONNECTION */;
/*!40111 SET SQL_NOTES=@OLD_SQL_NOTES */;

-- Dump completed on 2017-02-26  8:04:26
